PartNumber,PartDescription,active,ItemCost,ItemCurrencyCode,Length,Width,Height,DimensionUOM,Weight,WeightUOM,Quantity
  4OC3/ATM-MM-SC=,"  4 PORT OC3/STM1 MULTIMODE ATM LINE CARD,",TRUE,14740.32,USD,,,,,,,0
  AS5301-DC-RPS=,  POWER SUPPLY,TRUE,5213,USD,,,,,,,0
  MEM-1X8F-DFB=,  8MB FLASH SIMM (DUAL FLASH BANK) SPARE,TRUE,245,USD,,,,,,,0
  MEM-381-1X16F=,  16MB FLASH MEMORY FOR MC3810 (SPARE),TRUE,350,USD,,,,,,,0
 SA6-COOLING=,SA6-COOLING=,TRUE,0,USD,,,,,,,0
 WIC-2A/S=,2-Port Async/Sync Serial WAN Interface Card Spare,TRUE,175,USD,,,,,,,0
008HW,Part created for script running on UAT,TRUE,1,USD,,,,,,,0
01-1105-01,"ASIC-ASY,PACIFIC,XX500 GBPS, Tj XX 86 W at XXX 105 C",TRUE,0,USD,,,,,,,0
016-5PACK,Five(GSR16/80-AC-8R+2GRP256M+64M+SW),TRUE,26250,USD,,,,,,,0
01FT562,IBM SAN50C-R 16G FC switch 1/10G FCIP SAN extension,TRUE,0,USD,,,,,,,0
01FT563,IBM SAN32C-6 32G 8-Port FC Fabric Switch,TRUE,0,USD,,,,,,,0
01FT564,"IBM SAN768C-6 32G Modular FC switch , 16 payload slots",TRUE,0,USD,,,,,,,0
01FT565,"IBM SAN384C-6 32G Modular FC switch , 8 payload slots",TRUE,0,USD,,,,,,,0
01FT566,"IBM SAN192C-6 32G Modular FC switch , 4 payload slots",TRUE,0,USD,,,,,,,0
01FT567,"IBM SAN32C-6 32G 24-Port Ent switch, 24 16G SFP, Ent License",TRUE,,USD,,,,,,,0
01FT568,"IBM SAN768C-6 32G Modular FC switch, 16 payload slots, spare",TRUE,0,USD,,,,,,,0
01FT569,"IBM SAN384C-6 32G Modular FC switch , 8 payload slots, spare",TRUE,0,USD,,,,,,,0
01FT570,"IBM SAN192C-6 32G Modular FC switch , 4 payload slots, spare",TRUE,0,USD,,,,,,,0
01FT571,"IBM SAN50C-R 16G FC switch 1/10G FCIP SAN extension , spare",TRUE,0,USD,,,,,,,0
01FT572,"IBM SAN32C-6 32G FC fabric switch,  spare",TRUE,0,USD,,,,,,,0
01FT600,"IBM SAN192C-6/SAN384C-6 Supervisor module, spare",TRUE,0,USD,,,,,,,0
01FT600X,IBM SAN192C-6/SAN384C-6 Supervisor module,TRUE,0,USD,,,,,,,0
01FT601,"IBM SAN768C-6 Supervisor module, spare",TRUE,0,USD,,,,,,,0
01FT601X,IBM SAN768C-6 Supervisor module,TRUE,0,USD,,,,,,,0
01FT644,IBM 32G 48-Port Module for IBM modular directors,TRUE,0,USD,,,,,,,0
01FT645,IBM 16G/40G FCIP module for IBM 32G modular directors,TRUE,0,USD,,,,,,,0
02-100156-01,"WAFER,SILICON PHOTONICS,OASIS WT Platform",TRUE,0,USD,,,,,,,0
02310JPR,"RH2285,BC1HDD08,HDD,300GB,SAS Interface,10000rpm,2.5 inch,64MB,Hot-Swappable,only HGST model,Built-In.Front Panel",TRUE,186.3,USD,,,,,,,0
2314586,"RRU3801C,QWEM8RRUA2,Distributed Base Station Radio Remote Unit(-48V,DHT 40W,1.25G,900M)",TRUE,1,USD,,,,,,,0
2351080,"NetEngine80E,CR5Z2BKPC,Integrated Chassis Components",TRUE,1,USD,,,,,,,0
2351462,"NetEngine80E,CR5Z6BKPC,Integrated Chassis Components(NE80E),8KW",TRUE,1,USD,,,,,,,0
2354209,"eSpace U1980,U18Z02ACFC,AC Integrated Frame Components",TRUE,980.13,USD,,,,,,,0
2358179,"eSpace IAD132E(T),AG1ZD32H,Integrated Access Device Basic Unit(32 Ports Standard Version,SIP/MGCP, include Power Module)",TRUE,503.3,USD,,,,,,,0
02JD635,"IBM 32G 48-Port module for modular directors, spare",TRUE,0,USD,,,,,,,0
02JD636,"IBM 16G/40G FCIP module for IBM 32G modular directors, spare",TRUE,0,USD,,,,,,,0
02JD718,IBM SAN48C-6 32G 48-Port FC Fabric Switch,TRUE,,USD,,,,,,,0
02JD719,IBM SAN96C-6 32G 96-Port FC Fabric Switch,TRUE,,USD,,,,,,,0
02JD720,"IBM SAN48C-6 32G 48-Port FC Fabric Switch, FRU",TRUE,0,USD,,,,,,,0
02JD721,"IBM SAN96C-6 32G 96-Port FC Fabric Switch, FRU",TRUE,0,USD,,,,,,,0
02JD725,IBM SAN48C-6 32G 48-Port FC Fabric Switch,TRUE,,USD,,,,,,,0
02JD726,IBM SAN48C-6 32G 48-Port FC Fabric Switch + 24 32G Optics,TRUE,,USD,,,,,,,0
02JD727,IBM SAN48C-6 32G 48-Port FC Fabric Switch + 24 32G Optics,TRUE,,USD,,,,,,,0
02JD728,IBM SAN48C-6 32G 48-Port FC Fabric Switch + 48 32G Optics,TRUE,,USD,,,,,,,0
02JD729,IBM SAN48C-6 32G 48-Port FC Fabric Switch + 48 32G Optics,TRUE,,USD,,,,,,,0
02JD730,IBM SAN96C-6 32G 96-Port FC Fabric Switch,TRUE,,USD,,,,,,,0
02JD731,IBM SAN96C-6 32G 96-Port FC Fabric Switch + 48 32G Optics,TRUE,,USD,,,,,,,0
02JD732,IBM SAN96C-6 32G 96-Port FC Fabric Switch + 48 32G Optics,TRUE,,USD,,,,,,,0
02JD733,IBM SAN96C-6 32G 96-Port FC Fabric Switch + 96 32G Optics,TRUE,,USD,,,,,,,0
02JD734,IBM SAN96C-6 32G 96-Port FC Fabric Switch + 96 32G Optics,TRUE,,USD,,,,,,,0
02JD735,"IBM SAN48C-6 32G 48-Port FC Fabric Switch, FRU",TRUE,0,USD,,,,,,,0
02JD736,"IBM SAN96C-6 32G 96-Port FC Fabric Switch, FRU",TRUE,0,USD,,,,,,,0
02JD753,"IBM SAN Director Supervisor Module 4, spare",TRUE,,USD,,,,,,,0
02JD753X,IBM SAN Director Supervisor Module 4,TRUE,,USD,,,,,,,0
03030DKF,"OptiX OSN 3500,SSN1SXCSA01,Super Cross-connect and Synchronous Timing Board,Without Extended Subrack",TRUE,1,USD,,,,,,,0
3050606,"MSOFTX3000,SF32WCCU0,Call Control Unit",TRUE,1,USD,,,,,,,0
05-0015-01,"OP PAS,PAD, INSULATOR, BGF",TRUE,32.91,USD,,,,,,,0
05-0227-01,"OP PAS,MUX-BIDIRECTIONNEL-1528/1536,5",TRUE,131.4,USD,,,,,,,0
05-0287-01,"OP PAS,ASM SPLT.SM 1X2 1/99 1550nm",TRUE,9.72,USD,,,,,,,0
05-0290-01,"OP PAS,ASM SPLT. SM 1X2 5/95 1550nm",TRUE,11.86,USD,,,,,,,0
05-0306-01,"OP PAS,COUPLEUR OPT MONO (95/5%) 1X2 130",TRUE,11.2,USD,,,,,,,0
05-0326-01,"OP PAS,Crom.disp.comp.positive 150ps/nm-",TRUE,1512,USD,,,,,,,0
05-0327-01,"OP PAS,Crom.disp.comp.positive 200ps/nm-",TRUE,1764,USD,,,,,,,0
05-0328-01,"OP PAS,Crom.disp.comp.positive 250ps/nm-",TRUE,2016,USD,,,,,,,0
05-0329-01,"OP PAS,Crom.disp.comp.positive 300ps/nm-",TRUE,2268,USD,,,,,,,0
05-0330-01,"OP PAS,Crom.disp.comp.positive 350ps/nm-",TRUE,2562,USD,,,,,,,0
05-0331-01,"OP PAS,Crom.disp.comp.positive 400ps/nm-",TRUE,2787,USD,,,,,,,0
05-0332-01,"OP PAS,Crom.disp.comp.positive 450ps/nm-",TRUE,3024,USD,,,,,,,0
05-0333-01,"OP PAS,Crom.disp.comp.positive 500ps/nm-",TRUE,50,USD,,,,,,,0
05-0334-01,"OP PAS,Crom.disp.comp.negative 150ps/nm-",TRUE,1505,USD,,,,,,,0
05-0335-01,"OP PAS,Crom.disp.comp.negative 200ps/nm-",TRUE,1806,USD,,,,,,,0
05-0336-01,"OP PAS,Crom.disp.comp.negative 250ps/nm-",TRUE,2098,USD,,,,,,,0
05-0337-01,"OP PAS,Crom.disp.comp.negative 300ps/nm-",TRUE,2399,USD,,,,,,,0
05-0338-01,"OP PAS,Crom.disp.comp.negative 350ps/nm-",TRUE,2630,USD,,,,,,,0
05-0339-01,"OP PAS,Crom.disp.comp.negative 400ps/nm-",TRUE,2991,USD,,,,,,,0
05-0340-01,"OP PAS,Crom.disp.comp.negative 450ps/nm-",TRUE,3292,USD,,,,,,,0
05-0342-01,"OP PAS,Crom.disp.comp.positive 150ps/nm-",TRUE,1512,USD,,,,,,,0
05-0343-01,"OP PAS,Crom.disp.comp.positive 200ps/nm-",TRUE,1614,USD,,,,,,,0
05-0344-01,"OP PAS,Crom.disp.comp.positive 250ps/nm-",TRUE,2016,USD,,,,,,,0
05-0345-01,"OP PAS,Crom.disp.comp.positive 300ps/nm-",TRUE,2391,USD,,,,,,,0
05-0348-01,"OP PAS,Crom.disp.comp.positive 450ps/nm-",TRUE,3024,USD,,,,,,,0
05-0349-01,"OP PAS,Crom.disp.comp.positive 500ps/nm-",TRUE,3276,USD,,,,,,,0
05-0350-01,"OP PAS,Crom.disp.comp.positive 100ps/nm-",TRUE,1262,USD,,,,,,,0
05-0351-01,"OP PAS,Crom.disp.comp.negative 150ps/nm-",TRUE,1159,USD,,,,,,,0
05-0352-01,"OP PAS,Crom.disp.comp.negative 200ps/nm-",TRUE,1519,USD,,,,,,,0
05-0353-01,"OP PAS,Crom.disp.comp.negative 250ps/nm-",TRUE,1449,USD,,,,,,,0
05-0354-01,"OP PAS,Crom.disp.comp.negative 300ps/nm-",TRUE,2012,USD,,,,,,,0
05-0355-01,"OP PAS,Crom.disp.comp.negative 350ps/nm-",TRUE,2199,USD,,,,,,,0
05-0356-01,"OP PAS,Crom.disp.comp.negative 400ps/nm-",TRUE,2466,USD,,,,,,,0
05-0357-01,"OP PAS,Crom.disp.comp.negative 450ps/nm-",TRUE,2461,USD,,,,,,,0
05-0358-01,"OP PAS,Crom.disp.comp.negative 500ps/nm-",TRUE,2643,USD,,,,,,,0
05-0359-01,"OP PAS,Crom.disp.comp.negative 600ps/nm-",TRUE,2464,USD,,,,,,,0
05-0360-01,"OP PAS,Crom.disp.comp.negative 50ps/nm-1",TRUE,883,USD,,,,,,,0
05-0361-01,"OP PAS,Crom.disp.comp.negative 550ps/nm-",TRUE,3220,USD,,,,,,,0
05-0362-01,"OP PAS,Crom.disp.comp.negative 650ps/nm-",TRUE,3651,USD,,,,,,,0
05-0363-01,"OP PAS,Crom.disp.comp.negative 100ps/nm-",TRUE,1204,USD,,,,,,,0
05-0364-01,"OP PAS,Crom.disp.comp.negative 100ps/nm-",TRUE,925,USD,,,,,,,0
05-0365-01,"OP PAS,Crom.disp.comp.negative 50ps/nm-1",TRUE,913,USD,,,,,,,0
05-0366-01,"OP PAS,CDC FIB POS 050ps/nm 1532nm BW:B",TRUE,1008,USD,,,,,,,0
05-0367-01,"OP PAS,Crom.disp.comp.positive 100ps/nm-",TRUE,1260,USD,,,,,,,0
05-0368-01,"OP PAS,Crom.disp.comp.negative 550ps/nm-",TRUE,2705,USD,,,,,,,0
05-0369-01,"OP PAS,CDC FIB NEG 600ps/nm 1532nm BW:B",TRUE,4048,USD,,,,,,,0
05-0371-01,"OP PAS,Crom.disp.comp.positive 50ps/nm-1",TRUE,1008,USD,,,,,,,0
05-0372-01,"OP PAS,SPLITTER SM 1x2 13101550 BW80nm I",TRUE,17.8,USD,,,,,,,0
05-0373-01,"OP PAS,ASM SPLT. SM 1x2 5/95 1310/1550nm",TRUE,16.64,USD,,,,,,,0
05-0377-01,"OP PAS,SWITCH OPTMECH 1x2 IL1.5dB X.T.-6",TRUE,273.6,USD,,,,,,,0
05-0380-01,"OP PAS,Crom.disp.comp.negative 700ps/nm-",TRUE,3863,USD,,,,,,,0
05-0381-01,"OP PAS,Crom.disp.comp.negative 750ps/nm-",TRUE,2899,USD,,,,,,,0
05-0382-01,"OP PAS,Crom.disp.comp.negative 800ps/nm-",TRUE,4137,USD,,,,,,,0
05-0405-01,"OP PAS,CDC FIB NEG 700ps/nm 1532nm BW:B",TRUE,4024,USD,,,,,,,0
05-0406-01,"OP PAS,Crom.disp.comp.negative 750ps/nm-",TRUE,4093,USD,,,,,,,0
05-0407-01,"OP PAS,CDC FIB NEG 800ps/nm 1532nm BW:B",TRUE,5235,USD,,,,,,,0
05-0409-01,"OP PAS,CDC FIB NEG 900ps/nm 1532nm BW:B",TRUE,6650,USD,,,,,,,0
05-0410-01,"OP PAS,CDC FIB NEG 950ps/nm 1532nm BW:B",TRUE,6650,USD,,,,,,,0
05-0411-01,"OP PAS,Crom.disp.comp.negative 1000ps/nm",TRUE,5672,USD,,,,,,,0
05-0412-01,"OP PAS,CDC FIB NEG 1050ps/nm 1532nm BW:B",TRUE,6866,USD,,,,,,,0
05-0413-01,"OP PAS,Crom.disp.comp.negative 1100ps/nm",TRUE,6009,USD,,,,,,,0
05-0414-01,"OP PAS,Crom.disp.comp.negative 1150ps/nm",TRUE,7458,USD,,,,,,,0
05-0415-01,"OP PAS,CDC FIB NEG 1200ps/nm 1532nm BW:B",TRUE,7791,USD,,,,,,,0
05-0416-01,"OP PAS,Crom.disp.comp.negative 1250ps/nm",TRUE,6748,USD,,,,,,,0
05-0417-01,"OP PAS,Crom.disp.comp.negative 1300ps/nm",TRUE,5563,USD,,,,,,,0
05-0418-01,"OP PAS,Crom.disp.comp.negative 1350ps/nm",TRUE,8230,USD,,,,,,,0
05-0423-01,"OP PAS,CDC FIB NEG 1400ps/nm 1532nm BW:B",TRUE,8191.27,USD,,,,,,,0
05-0424-01,"OP PAS,CDC FIB NEG 1450ps/nm 1532nm BW:B",TRUE,8007.33,USD,,,,,,,0
05-0427-01,"OP PAS,Crom.disp.comp.negative 900ps/nm-",TRUE,3334,USD,,,,,,,0
05-0428-01,"OP PAS,CDC FIB NEG 950ps/nm 1556nm BW:R",TRUE,3479,USD,,,,,,,0
05-0429-01,"OP PAS,CDC FIB NEG 1000ps/nm 1556nm BW:R",TRUE,4985,USD,,,,,,,0
05-0430-01,"OP PAS,CDC FIB NEG 1050ps/nm 1556nm BW:R",TRUE,3769,USD,,,,,,,0
05-0431-01,"OP PAS,CDC FIB NEG 1100ps/nm 1556nm BW:R",TRUE,3914,USD,,,,,,,0
05-0432-01,"OP PAS,Crom.disp.comp.negative 1150ps/nm",TRUE,5913,USD,,,,,,,0
05-0433-01,"OP PAS,CDC FIB NEG 1200ps/nm 1556nm BW:R",TRUE,6070,USD,,,,,,,0
05-0434-01,"OP PAS,Crom.disp.comp.negative 1250ps/nm",TRUE,4349,USD,,,,,,,0
05-0435-01,"OP PAS,Crom.disp.comp.negative 1300ps/nm",TRUE,4494,USD,,,,,,,0
05-0436-01,"OP PAS,CDC FIB NEG 1350ps/nm 1556nm BW:R",TRUE,4639,USD,,,,,,,0
05-0437-01,"OP PAS,Crom.disp.comp.negative 1400ps/nm",TRUE,7188,USD,,,,,,,0
05-0438-01,"OP PAS,Crom.disp.comp.negative 1450ps/nm",TRUE,7558,USD,,,,,,,0
05-0439-01,"OP PAS,CDC FIB NEG 1500ps/nm 1556nm BW:R",TRUE,6293,USD,,,,,,,0
05-0452-01,"OP PAS,ATTENUATOR, FIXED,SINGLE MODE FC/",TRUE,31,USD,,,,,,,0
05-0456-01,"OP PAS,ATTENUATOR, FIXED, SINGLE MODE SC",TRUE,30.5,USD,,,,,,,0
05-0457-01,"OP PAS,ATTENUATOR, FIXED, SINGLE MODE SC",TRUE,30.5,USD,,,,,,,0
05-0460-01,"OP PAS,ATTENUATOR, FIXED,SINGLE MODE SC/",TRUE,30.5,USD,,,,,,,0
05-0461-01,"OP PAS,ATTENUATOR, FIXED,SINGLE MODE SC/",TRUE,30.5,USD,,,,,,,0
05-0462-01,"OP PAS,ATTENUATOR, FIXED,SINGLE MODE SC/",TRUE,30.5,USD,,,,,,,0
05-0477-01,"OP PAS,Crom.disp.comp.negative 700ps/nm-",TRUE,4082,USD,,,,,,,0
05-0478-01,"OP PAS, BRAGG_BGF ADR3_100GHz_0.2THz",TRUE,9000,USD,,,,,,,0
05-0525-01,"OP PAS,FU FBR SPLTR,1X2,50/50,1600nm",TRUE,57,USD,,,,,,,0
05-0528-01,"OP PAS,PIN PHOTODIODE 1625nm 250um",TRUE,39.8,USD,,,,,,,0
05-0572-02,"OP PAS,ISOL,IN LINE,20dB,1600nm",TRUE,113,USD,,,,,,,0
05-0574-01,"OP PAS,SWDM_1480/1600nm_1x2_IL.0.6dB_IS.",TRUE,151.2,USD,,,,,,,0
05-0579-01,"OP PAS,ASM SPLT._SPLITTER  99/1______nm",TRUE,32,USD,,,,,,,0
05-0604-01,"OP PAS,ASM SPLT._SM_1x2_5/95_1570nm",TRUE,9.72,USD,,,,,,,0
05-0605-01,"OP PAS,SPLITTER_SM_1x2_1570_BW85nm_I.L3.",TRUE,11.8,USD,,,,,,,0
05-0670-02,"OP PAS,SWDM,1480/1590nm,0.6/0.8dB IL",TRUE,174.5,USD,,,,,,,0
05-0693-01,"OP PAS,WDM FLTR,200GH,1585.36nm",TRUE,178,USD,,,,,,,0
05-0695-03,"OP PAS,MUX/DEMUX,BP,C/L/OSC,25dB/10dB IS",TRUE,1430,USD,,,,,,,0
05-0697-01,"OP PAS,CDC_RED_N_1550_PS_NM",TRUE,6476,USD,,,,,,,0
05-0698-01,"OP PAS,CDC_RED_N_1600_PS_NM",TRUE,5364,USD,,,,,,,0
05-0699-01,"OP PAS,CDC_RED_N_1650_PS_NM",TRUE,6827,USD,,,,,,,0
05-0700-01,"OP PAS,CDC_RED_N_1700_PS_NM",TRUE,8609,USD,,,,,,,0
05-0701-01,"OP PAS,CDC_RED_N_1750_PS_NM",TRUE,8836,USD,,,,,,,0
05-0702-01,"OP PAS,CDC_RED_N_1800_PS_NM",TRUE,5944,USD,,,,,,,0
05-0703-01,"OP PAS,CDC_RED_N_1850_PS_NM",TRUE,9141,USD,,,,,,,0
05-0704-01,"OP PAS,CDC_RED_N_1900_PS_NM",TRUE,9518,USD,,,,,,,0
05-0705-01,"OP PAS,CDC_RED_N_1950_PS_NM",TRUE,7935,USD,,,,,,,0
05-0706-01,"OP PAS,CDC_BLUE_N_1550_PS_NM",TRUE,8164,USD,,,,,,,0
05-0707-01,"OP PAS,CDC_BLUE_N_1600_PS_NM",TRUE,50,USD,,,,,,,0
05-0708-01,"OP PAS,CDC_BLUE_N_1650_PS_NM",TRUE,50,USD,,,,,,,0
05-0709-01,"OP PAS,CDC_BLUE_N_1700_PS_NM",TRUE,50,USD,,,,,,,0
05-0710-01,"OP PAS,CDC_BLUE_N_1750_PS_NM",TRUE,50,USD,,,,,,,0
05-0711-01,"OP PAS,CDC_BLUE_N_1800_PS_NM",TRUE,9361,USD,,,,,,,0
05-0712-01,"OP PAS,CDC_BLUE_N_1850_PS_NM",TRUE,7571,USD,,,,,,,0
05-0713-01,"OP PAS,CDC_BLUE_N_1900_PS_NM",TRUE,50,USD,,,,,,,0
05-0714-01,"OP PAS,CDC_BLUE_N_1950_PS_NM",TRUE,50,USD,,,,,,,0
05-0715-01,"OP PAS,CDC_IR_N_50_PS_NM",TRUE,1286,USD,,,,,,,0
05-0716-01,"OP PAS,CDC_IR_N_100_PS_NM",TRUE,2023,USD,,,,,,,0
05-0718-01,"OP PAS,CDC_IR_N_200_PS_NM",TRUE,3147,USD,,,,,,,0
05-0719-01,"OP PAS,CDC_IR_N_250_PS_NM",TRUE,3673,USD,,,,,,,0
05-0720-01,"OP PAS,CDC_IR_N_300_PS_NM",TRUE,4229,USD,,,,,,,0
05-0721-01,"OP PAS,CDC_IR_N_350_PS_NM",TRUE,4739,USD,,,,,,,0
05-0722-01,"OP PAS,CDC_IR_N_400_PS_NM",TRUE,5290,USD,,,,,,,0
05-0723-01,"OP PAS,CDC_IR_N_450_PS_NM",TRUE,5841,USD,,,,,,,0
05-0724-01,"OP PAS,CDC_IR_N_500_PS_NM",TRUE,6392,USD,,,,,,,0
05-0725-01,"OP PAS,CDC_IR_N_550_PS_NM",TRUE,6943,USD,,,,,,,0
05-0726-01,"OP PAS,CDC_IR_N_600_PS_NM",TRUE,7494,USD,,,,,,,0
05-0727-01,"OP PAS,CDC_IR_N_650_PS_NM",TRUE,8114,USD,,,,,,,0
05-0728-01,"OP PAS,CDC_IR_N_700_PS_NM",TRUE,8670,USD,,,,,,,0
05-0729-01,"OP PAS,CDC_IR_N_750_PS_NM",TRUE,9225,USD,,,,,,,0
05-0730-01,"OP PAS,CDC_IR_N_800_PS_NM",TRUE,9781,USD,,,,,,,0
05-0731-01,"OP PAS,CDC_IR_N_850_PS_NM",TRUE,10337,USD,,,,,,,0
05-0732-01,"OP PAS,CDC_IR_N_900_PS_NM",TRUE,10838,USD,,,,,,,0
05-0733-01,"OP PAS,CDC_IR_N_950_PS_NM",TRUE,11391,USD,,,,,,,0
05-0734-01,"OP PAS,CDC_IR_N_1000_PS_NM",TRUE,11945,USD,,,,,,,0
05-0735-01,"OP PAS,CDC_IR_N_1100_PS_NM",TRUE,12985,USD,,,,,,,0
05-0736-01,"OP PAS,CDC_IR_N_1150_PS_NM",TRUE,13535,USD,,,,,,,0
05-0737-01,"OP PAS,CDC_IR_N_1200_PS_NM",TRUE,14084,USD,,,,,,,0
05-0738-01,"OP PAS,CDC_IR_N_1250_PS_NM",TRUE,14636,USD,,,,,,,0
05-0739-01,"OP PAS,CDC_IR_N_1300_PS_NM",TRUE,15185,USD,,,,,,,0
05-0740-01,"OP PAS,CDC_IR_N_1350_PS_NM",TRUE,15735,USD,,,,,,,0
05-0741-01,"OP PAS,CDC_IR_N_1400_PS_NM",TRUE,16285,USD,,,,,,,0
05-0742-01,"OP PAS,CDC_IR_N_1450_PS_NM",TRUE,16751,USD,,,,,,,0
05-0743-01,"OP PAS,CDC_IR_N_1500_PS_NM",TRUE,17298,USD,,,,,,,0
05-0744-01,"OP PAS,CDC_IR_N_1550_PS_NM",TRUE,17884,USD,,,,,,,0
05-0745-01,"OP PAS,CDC_IR_N_1600_PS_NM",TRUE,18433,USD,,,,,,,0
05-0746-01,"OP PAS,CDC_IR_N_1650_PS_NM",TRUE,18884,USD,,,,,,,0
05-0747-01,"OP PAS,CDC_IR_N_1700_PS_NM",TRUE,19431,USD,,,,,,,0
05-0748-01,"OP PAS,CDC_IR_N_1750_PS_NM",TRUE,19976,USD,,,,,,,0
05-0749-01,"OP PAS,CDC_IR_N_1050_PS_NM",TRUE,12435,USD,,,,,,,0
05-0750-01,"OP PAS,CDC_C-band_N_50_PS_NM",TRUE,1156,USD,,,,,,,0
05-0751-01,"OP PAS,CDC_C-band_N_100_PS_NM",TRUE,1710,USD,,,,,,,0
05-0752-01,"OP PAS,CDC_C-band_N_150_PS_NM",TRUE,2229,USD,,,,,,,0
05-0753-01,"OP PAS,CDC_C-band_N_200_PS_NM",TRUE,1352,USD,,,,,,,0
05-0754-01,"OP PAS,CDC_C-band_N_250_PS_NM",TRUE,1509,USD,,,,,,,0
05-0755-01,"OP PAS,CDC_C-band_N_300_PS_NM",TRUE,1666,USD,,,,,,,0
05-0756-01,"OP PAS,CDC_C-band_N_350_PS_NM",TRUE,1823,USD,,,,,,,0
05-0757-01,"OP PAS,CDC_C-band_N_400_PS_NM",TRUE,1980,USD,,,,,,,0
05-0758-01,"OP PAS,CDC_C-band_N_450_PS_NM",TRUE,3158,USD,,,,,,,0
05-0759-01,"OP PAS,CDC_C-band_N_500_PS_NM",TRUE,5510,USD,,,,,,,0
05-0760-01,"OP PAS,CDC_C-band_N_550_PS_NM",TRUE,5985,USD,,,,,,,0
05-0761-01,"OP PAS,CDC_C-band_N_600_PS_NM",TRUE,6450,USD,,,,,,,0
05-0762-01,"OP PAS,CDC_C-band_N_650_PS_NM",TRUE,6935,USD,,,,,,,0
05-0763-01,"OP PAS,CDC_C-band_N_700_PS_NM",TRUE,7410,USD,,,,,,,0
05-0764-01,"OP PAS,CDC_C-band_N_750_PS_NM",TRUE,4718,USD,,,,,,,0
05-0765-01,"OP PAS,CDC_C-band_N_800_PS_NM",TRUE,5865.6,USD,,,,,,,0
05-0766-01,"OP PAS,CDC_C-band_N_850_PS_NM",TRUE,8835,USD,,,,,,,0
05-0767-01,"OP PAS,CDC_C-band_N_900_PS_NM",TRUE,9263,USD,,,,,,,0
05-0768-01,"OP PAS,CDC_C-band_N_950_PS_N",TRUE,9736,USD,,,,,,,0
05-0769-01,"OP PAS,CDC_C-band_N_1000_PS_NM",TRUE,7192.8,USD,,,,,,,0
05-0770-01,"OP PAS,CDC_C-band_N_1050_PS_NM",TRUE,10628,USD,,,,,,,0
05-0771-01,"OP PAS,CDC_C-band_N_1100_PS_NM",TRUE,11098,USD,,,,,,,0
05-0772-01,"OP PAS,CDC_C-band_N_1150_PS_NM",TRUE,11568,USD,,,,,,,0
05-0773-01,"OP PAS,CDC_C-band_N_1200_PS_NM",TRUE,8606,USD,,,,,,,0
05-0774-01,"OP PAS,CDC_C-band_N_1250_PS_NM",TRUE,12509,USD,,,,,,,0
05-0775-01,"OP PAS,CDC_C-band_N_1300_PS_NM",TRUE,10180,USD,,,,,,,0
05-0776-01,"OP PAS,CDC_C-band_N_1350_PS_NM",TRUE,13449,USD,,,,,,,0
05-0777-01,"OP PAS,CDC_C-band_N_1400_PS_NM",TRUE,13919,USD,,,,,,,0
05-0778-01,"OP PAS,CDC_C-band_N_1450_PS_NM",TRUE,14317,USD,,,,,,,0
05-0779-01,"OP PAS,CDC_C-band_N_1500_PS_NM",TRUE,14785,USD,,,,,,,0
05-0780-01,"OP PAS,CDC_C-band_N_1850_PS_NM",TRUE,17968,USD,,,,,,,0
05-0781-01,"OP PAS,CDC_C-band_N_1550_PS_NM",TRUE,10780,USD,,,,,,,0
05-0782-01,"OP PAS,CDC_C-band_N_1600_PS_NM",TRUE,15721,USD,,,,,,,0
05-0783-01,"OP PAS,CDC_C-band_N_1650_PS_NM",TRUE,16106,USD,,,,,,,0
05-0784-01,"OP PAS,CDC_C-band_N_1700_PS_NM",TRUE,16572,USD,,,,,,,0
05-0785-01,"OP PAS,CDC_C-band_N_1750_PS_NM",TRUE,17037,USD,,,,,,,0
05-0786-01,"OP PAS,CDC_C-band_N_1800_PS_NM",TRUE,17503,USD,,,,,,,0
05-0787-01,"OP PAS,COUPLER,1x2,99/1,1590-1630nm,250u",TRUE,10.83,USD,,,,,,,0
05-0788-01,"OP PAS,FU FBR SPLTT,99/1_1600nm_I.L=21.5",TRUE,32.8,USD,,,,,,,0
05-0791-01,"OP PAS,AWG,40CHS, 100G,C,subgridA",TRUE,6446,USD,,,,,,,0
05-0796-01,"OP PAS,SWDM,1480/1500nm,0.7/0.6dB IL",TRUE,170,USD,,,,,,,0
05-0799-01,"OP PAS,2x2CPLR,1550,3dB,34nmBW",TRUE,76.8,USD,,,,,,,0
05-0800-01,"OP PAS,SPLTR,2x2,50/50,1590nm,3.5dB IL,0",TRUE,79.8,USD,,,,,,,0
05-0901-01,"OP PAS,FILTER,GF,1574.6-1602.2nm PASS,+/",TRUE,650,USD,,,,,,,0
05-0904-01,"OP PAS,DCM,1545nm,+50ps/nm,240mm SPOOL",TRUE,50,USD,,,,,,,0
05-0905-01,"OP PAS,DCM,1545nm,+100ps/nm,240mm SPOOL",TRUE,50,USD,,,,,,,0
05-0906-01,"OP PAS,DCM,1545nm,+150ps/nm,240mm SPOOL",TRUE,50,USD,,,,,,,0
05-0907-01,"OP PAS,DCM,1545nm,+200ps/nm,240mm SPOOL",TRUE,50,USD,,,,,,,0
05-0908-01,"OP PAS,DCM,1545nm,+250ps/nm,240mm SPOOL",TRUE,50,USD,,,,,,,0
05-0909-01,"OP PAS,DCM,1545nm,+300ps/nm,240mm SPOOL",TRUE,50,USD,,,,,,,0
05-0910-01,"OP PAS,DCM,1545nm,+350ps/nm,240mm SPOOL",TRUE,50,USD,,,,,,,0
05-0911-01,"OP PAS,FLTR,BP,1577-1605nm PASS,0.6dB,12",TRUE,177.8,USD,,,,,,,0
05-0913-01,"OP PAS,DCM,NEG,50PS/NM,L BAND,TWRS",TRUE,50,USD,,,,,,,0
05-0914-01,"OP PAS,DCM,NEG,100PS/NM,L BAND,TWRS",TRUE,50,USD,,,,,,,0
05-0915-01,"OP PAS,DCM,NEG,150PS/NM,L BAND,TWRS",TRUE,50,USD,,,,,,,0
05-0916-01,"OP PAS,DCM,NEG,200PS/NM,L BAND,TWRS",TRUE,50,USD,,,,,,,0
05-0917-01,"OP PAS,DCM,NEG,250PS/NM,L BAND,TWRS",TRUE,50,USD,,,,,,,0
05-0918-01,"OP PAS,DCM,NEG,300PS/NM,L BAND,TWRS",TRUE,50,USD,,,,,,,0
05-0919-01,"OP PAS,DCM,NEG,350PS/NM,L BAND,TWRS",TRUE,50,USD,,,,,,,0
05-0920-01,"OP PAS,DCM,NEG,450PS/NM,L BAND,TWRS",TRUE,50,USD,,,,,,,0
05-0921-01,"OP PAS,DCM,NEG,400PS/NM,L BAND,TWRS",TRUE,50,USD,,,,,,,0
05-0922-01,"OP PAS,DCM,NEG,500PS/NM,L BAND,TWRS",TRUE,50,USD,,,,,,,0
05-0923-01,"OP PAS,DCM,NEG,550PS/NM,L BAND,TWRS",TRUE,50,USD,,,,,,,0
05-0924-01,"OP PAS,DCM,NEG,600PS/NM,L BAND,TWRS",TRUE,50,USD,,,,,,,0
05-0925-01,"OP PAS,DCM,NEG,650PS/NM,L BAND,TWRS",TRUE,50,USD,,,,,,,0
05-0926-01,"OP PAS,DCM,NEG,700PS/NM,L BAND,TWRS",TRUE,50,USD,,,,,,,0
05-0927-01,"OP PAS,DCM,NEG,750PS/NM,L BAND,TWRS",TRUE,50,USD,,,,,,,0
05-0928-01,"OP PAS,DCM,NEG,800PS/NM,L BAND,TWRS",TRUE,50,USD,,,,,,,0
05-0929-01,"OP PAS,DCM,NEG,850PS/NM,L BAND,TWRS",TRUE,50,USD,,,,,,,0
05-0930-01,"OP PAS,DCM,NEG,900PS/NM,L BAND,TWRS",TRUE,50,USD,,,,,,,0
05-0931-01,"OP PAS,DCM,NEG,950PS/NM,L BAND,TWRS",TRUE,50,USD,,,,,,,0
05-0932-01,"OP PAS,DCM,NEG,1000PS/NM,L BAND,TWRS",TRUE,50,USD,,,,,,,0
05-0933-01,"OP PAS,DCM,NEG,1050PS/NM,L BAND,TWRS",TRUE,50,USD,,,,,,,0
05-0934-01,"OP PAS,DCM,NEG,1100PS/NM,L BAND,TWRS",TRUE,50,USD,,,,,,,0
05-0935-01,"OP PAS,DCM,NEG,1200PS/NM,L BAND,TWRS",TRUE,50,USD,,,,,,,0
05-0936-01,"OP PAS,DCM,NEG,1150PS/NM,L BAND,TWRS",TRUE,50,USD,,,,,,,0
05-0937-01,"OP PAS,DCM,NEG,1250PS/NM,L BAND,TWRS",TRUE,50,USD,,,,,,,0
05-0938-01,"OP PAS,DCM,NEG,1300PS/NM,L BAND,TWRS",TRUE,50,USD,,,,,,,0
05-0939-01,"OP PAS,DCM,NEG,1350PS/NM,L BAND,TWRS",TRUE,50,USD,,,,,,,0
05-0940-01,"OP PAS,DCM,NEG,1400PS/NM,L BAND,TWRS",TRUE,50,USD,,,,,,,0
05-0941-01,"OP PAS,DCM,NEG,1450PS/NM,L BAND,TWRS",TRUE,50,USD,,,,,,,0
05-0942-01,"OP PAS,DCM,NEG,1500PS/NM,L BAND,TWRS",TRUE,50,USD,,,,,,,0
05-0943-01,"OP PAS,DCM,NEG,1550PS/NM,L BAND,TWRS",TRUE,50,USD,,,,,,,0
05-0944-01,"OP PAS,DCM,NEG,1600PS/NM,L BAND,TWRS",TRUE,50,USD,,,,,,,0
05-0945-01,"OP PAS,DCM,NEG,1650PS/NM,L BAND,TWRS",TRUE,50,USD,,,,,,,0
05-0946-01,"OP PAS,DCM,NEG,1700PS/NM,L BAND,TWRS",TRUE,50,USD,,,,,,,0
05-0947-01,"OP PAS,FILTER,GF,1575-1595nm PASS,+/-0.4",TRUE,220,USD,,,,,,,0
05-0948-01,"OP PAS,WDM,AWG,1577.44-1593.37nm,20CHs,1",TRUE,4650,USD,,,,,,,0
05-0949-01,"OP PAS,WDM,AWG,1577.86-1593.79nm,20CHs,1",TRUE,4650,USD,,,,,,,0
05-0951-01,"OP PAS,DCM,1585nm,N,50ps/nm,SMF,240x39mm",TRUE,1680,USD,,,,,,,0
05-0952-01,"OP PAS,DCM,1585nm,N,100ps/nm,SMF,240x39m",TRUE,50,USD,,,,,,,0
05-0953-01,"OP PAS,DCM,1585nm,N,150ps/nm,SMF,240x39m",TRUE,50,USD,,,,,,,0
05-0954-01,"OP PAS,DCM,1585nm,N,200ps/nm,SMF,240x39m",TRUE,50,USD,,,,,,,0
05-0955-01,"OP PAS,DCM,1585nm,N,250ps/nm,SMF,240x39m",TRUE,50,USD,,,,,,,0
05-0956-01,"OP PAS,DCM,1585nm,N,300ps/nm,SMF,240x39m",TRUE,50,USD,,,,,,,0
05-0957-01,"OP PAS,DCM,1585nm,N,350ps/nm,SMF,240x39m",TRUE,50,USD,,,,,,,0
05-0958-01,"OP PAS,DCM,1585nm,N,400ps/nm,SMF,240x39m",TRUE,50,USD,,,,,,,0
05-0959-01,"OP PAS,DCM,1585nm,N,450ps/nm,SMF,240x39m",TRUE,50,USD,,,,,,,0
05-0960-01,"OP PAS,DCM,1585nm,N,500ps/nm,SMF,240x39m",TRUE,50,USD,,,,,,,0
05-0961-01,"OP PAS,DCM,1585nm,N,550ps/nm,SMF,240x39m",TRUE,50,USD,,,,,,,0
05-0962-01,"OP PAS,DCM,1585nm,N,600ps/nm,SMF,240x39m",TRUE,50,USD,,,,,,,0
05-0963-01,"OP PAS,DCM,1585nm,N,700ps/nm,SMF,240x39m",TRUE,50,USD,,,,,,,0
05-0964-01,"OP PAS,DCM,1585nm,N,650ps/nm,SMF,240x39m",TRUE,50,USD,,,,,,,0
05-0965-01,"OP PAS,DCM,1585nm,N,750ps/nm,SMF,240x39m",TRUE,50,USD,,,,,,,0
05-0966-01,"OP PAS,DCM,1585nm,N,800ps/nm,SMF,240x39m",TRUE,50,USD,,,,,,,0
05-0967-01,"OP PAS,DCM,1585nm,N,850ps/nm,SMF,240x39m",TRUE,50,USD,,,,,,,0
05-0968-01,"OP PAS,DCM,1585nm,N,900ps/nm,SMF,240x39m",TRUE,50,USD,,,,,,,0
05-0969-01,"OP PAS,DCM,1585nm,N,950ps/nm,SMF,240x39m",TRUE,50,USD,,,,,,,0
05-0970-01,"OP PAS,DCM,1585nm,N,1000ps/nm,SMF,240x39",TRUE,50,USD,,,,,,,0
05-0971-01,"OP PAS,DCM,1585nm,N,1050ps/nm,SMF,240x39",TRUE,50,USD,,,,,,,0
05-0972-01,"OP PAS,DCM,1585nm,N,1100ps/nm,SMF,240x39",TRUE,50,USD,,,,,,,0
05-0973-01,"OP PAS,DCM,1585nm,N,1150ps/nm,SMF,240x39",TRUE,50,USD,,,,,,,0
05-0974-01,"OP PAS,DCM,1585nm,N,1200ps/nm,SMF,240x39",TRUE,50,USD,,,,,,,0
05-0975-01,"OP PAS,DCM,1585nm,N,1250ps/nm,SMF,240x39",TRUE,50,USD,,,,,,,0
05-0976-01,"OP PAS,DCM,1585nm,N,1300ps/nm,SMF,240x39",TRUE,50,USD,,,,,,,0
05-0977-01,"OP PAS,DCM,1585nm,N,1350ps/nm,SMF,240x39",TRUE,50,USD,,,,,,,0
05-0978-01,"OP PAS,DCM,1585nm,N,1400ps/nm,SMF,240x39",TRUE,50,USD,,,,,,,0
05-0979-01,"OP PAS,DCM,1585nm,N,1450ps/nm,SMF,240x39",TRUE,50,USD,,,,,,,0
05-0980-01,"OP PAS,DCM,1585nm,N,1500ps/nm,SMF,240x39",TRUE,50,USD,,,,,,,0
05-0981-01,"OP PAS,DCM,1585nm,N,1550ps/nm,SMF,240x39",TRUE,50,USD,,,,,,,0
05-0982-01,"OP PAS,DCM,1585nm,N,1600ps/nm,SMF,240x39",TRUE,50,USD,,,,,,,0
05-0983-01,"OP PAS,DCM,1585nm,N,1650ps/nm,SMF,240x39",TRUE,50,USD,,,,,,,0
05-0984-01,"OP PAS,DCM,1585nm,N,1700ps/nm,SMF,240x39",TRUE,50,USD,,,,,,,0
05-0985-01,"OP PAS,DCM,1585nm,N,1200ps/nm,ELEAF,240x",TRUE,16230,USD,,,,,,,0
05-0986-01,"OP PAS,DCM,1585nm,N,1150ps/nm,ELEAF,240x",TRUE,15523,USD,,,,,,,0
05-0987-01,"OP PAS,DCM,1585nm,N,1100ps/nm,ELEAF,240x",TRUE,14836,USD,,,,,,,0
05-0988-01,"OP PAS,DCM,1585nm,N,1050ps/nm,ELEAF,240x",TRUE,14169,USD,,,,,,,0
05-0989-01,"OP PAS,DCM,1585nm,N,1000ps/nm,ELEAF,240x",TRUE,9797,USD,,,,,,,0
05-0990-01,"OP PAS,DCM,1585nm,N,950ps/nm,ELEAF,240x3",TRUE,8461,USD,,,,,,,0
05-0991-01,"OP PAS,DCM,1585nm,N,900ps/nm,ELEAF,240x3",TRUE,8440,USD,,,,,,,0
05-0992-01,"OP PAS,DCM,1585nm,N,850ps/nm,ELEAF,240x3",TRUE,8897,USD,,,,,,,0
05-0993-01,"OP PAS,DCM,1585nm,N,800ps/nm,ELEAF,240x3",TRUE,11134,USD,,,,,,,0
05-0994-01,"OP PAS,DCM,1585nm,N,750ps/nm,ELEAF,240x3",TRUE,7579,USD,,,,,,,0
05-0995-01,"OP PAS,DCM,1585nm,N,700ps/nm,ELEAF,240x3",TRUE,6478,USD,,,,,,,0
05-0996-01,"OP PAS,DCM,1585nm,N,650ps/nm,ELEAF,240x3",TRUE,6692,USD,,,,,,,0
05-0997-01,"OP PAS,DCM,1585nm,N,600ps/nm,ELEAF,240x3",TRUE,5685,USD,,,,,,,0
05-0998-01,"OP PAS,DCM,1585nm,N,550ps/nm,ELEAF,240x3",TRUE,5288,USD,,,,,,,0
05-0999-01,"OP PAS,DCM,1585nm,N,500ps/nm,ELEAF,240x3",TRUE,5935,USD,,,,,,,0
05-1000-01,"OP PAS,DCM,1585nm,N,450ps/nm,ELEAF,240x3",TRUE,4917,USD,,,,,,,0
05-1001-01,"OP PAS,DCM,1585nm,N,400ps/nm,ELEAF,240x3",TRUE,4474,USD,,,,,,,0
05-1002-01,"OP PAS,DCM,1585nm,N,350ps/nm,ELEAF,240x3",TRUE,4030,USD,,,,,,,0
05-1003-01,"OP PAS,DCM,1585nm,N,300ps/nm,ELEAF,240x3",TRUE,6566,USD,,,,,,,0
05-1004-01,"OP PAS,DCM,1585nm,N,250ps/nm,ELEAF,240x3",TRUE,3323,USD,,,,,,,0
05-1005-01,"OP PAS,DCM,1585nm,N,200ps/nm,ELEAF,240x3",TRUE,3104,USD,,,,,,,0
05-1006-01,"OP PAS,DCM,1585nm,N,150ps/nm,ELEAF,240x3",TRUE,2256,USD,,,,,,,0
05-1007-01,"OP PAS,DCM,1585nm,N,100ps/nm,ELEAF,240x3",TRUE,2082,USD,,,,,,,0
05-1008-01,"OP PAS,DCM,1585nm,N,50ps/nm,ELEAF,240x39",TRUE,1369,USD,,,,,,,0
05-1014-01,"OP PAS,DCM,1585nm,P,400ps/nm,E2000,240x3",TRUE,2154,USD,,,,,,,0
05-1015-01,"OP PAS,DCM,1585nm,P,350ps/nm,E2000,240x3",TRUE,2436,USD,,,,,,,0
05-1016-01,"OP PAS,DCM,1585nm,P,300ps/nm,E2000,240x3",TRUE,50,USD,,,,,,,0
05-1017-01,"OP PAS,DCM,1585nm,P,250ps/nm,E2000,240x3",TRUE,50,USD,,,,,,,0
05-1018-01,"OP PAS,DCM,1585nm,P,200ps/nm,E2000,240x3",TRUE,1380,USD,,,,,,,0
05-1019-01,"OP PAS,DCM,1585nm,P,150ps/nm,E2000,240x3",TRUE,1210,USD,,,,,,,0
05-1020-01,"OP PAS,DCM,1585nm,P,100ps/nm,E2000,240x3",TRUE,1101,USD,,,,,,,0
05-1021-01,"OP PAS,DCM,1585nm,P,50ps/nm,E2000,240x39",TRUE,50,USD,,,,,,,0
05-1023-01,"OP PAS,SPLTR,1x2,97.5/2.5,1590nm,0.3dB I",TRUE,12,USD,,,,,,,0
05-1024-02,"OP PAS,SPLTR,1x2,50/50,1550nm,3.4dB IL,N",TRUE,41,USD,,,,,,,0
05-1026-01,"OP PAS,COUPLER,1x2,98/2,1550nm,0.35dB IL",TRUE,36,USD,,,,,,,0
05-1044-01,"OP PAS,FILTER,GF,1575-1595nm PASS,+/- 0.",TRUE,750,USD,,,,,,,0
05-1045-01,"OP PAS,SWITCH,1x2,SM,LATCHING,5V,0.5dB I",TRUE,275,USD,,,,,,,0
05-1048-01,"OPTO,SPLTR,1x2,50/50,xxxxxnm,3.4dB IL,LC",TRUE,53.1,USD,,,,,,,0
05-1050-02,"OP PAS,WDM,MUX,1530.33-1560.61nm,32CHS,1",TRUE,9550,USD,,,,,,,0
05-1051-02,"OP PAS,WDM,DEMUX,1530.33-1560.61nm,32CHS",TRUE,9550,USD,,,,,,,0
05-1052-02,"OP PAS,OADM,8CHS,50GHz,Chs 55.5-59,w/VOA",TRUE,2642.2,USD,,,,,,,0
05-1053-02,"OP PAS,OADM,8CHS,50GHz,Chs 50.5-54,w/VOA",TRUE,2642.2,USD,,,,,,,0
05-1054-02,"OP PAS,OADM,8CHS,50GHz,Chs 45.5-49,w/VOA",TRUE,2642.2,USD,,,,,,,0
05-1055-02,"OP PAS,OADM,8CHS,50GHz,Chs 40.5-44,w/VOA",TRUE,2642.2,USD,,,,,,,0
05-1057-02,"OP PAS,OADM,8CHS,50GHz,Chs 30.5-34,w/VOA",TRUE,2642.2,USD,,,,,,,0
05-1058-02,"OP PAS,OADM,8CHS,50GHz,Chs 25.5-29,w/VOA",TRUE,2642.2,USD,,,,,,,0
05-1060-02,"OP PAS,OADM,8CHSx4 BANDS,50GHz,1530.33-1",TRUE,6284.8,USD,,,,,,,0
05-1061-02,"OP PAS,OADM,8CHSx4 BANDS,50GHz,1546.12-1",TRUE,6284.8,USD,,,,,,,0
05-1062-02,"OP PAS,OADM,4CHS,100GHz,Chs 56-59,w/VOAs",TRUE,5919.4,USD,,,,,,,0
05-1063-02,"OP PAS,OADM,4CHS,100GHz,Chs 51-54,w/VOAs",TRUE,5919.4,USD,,,,,,,0
05-1064-02,"OP PAS,OADM,4CHS,100GHz,Chs 46-49,w/VOAs",TRUE,5919.4,USD,,,,,,,0
05-1065-02,"OP PAS,OADM,4CHS,100GHz,Chs 41-44,w/VOAs",TRUE,5919.4,USD,,,,,,,0
05-1066-02,"OP PAS,OADM,4CHS,100GHz,Chs 36-39,w/VOAs",TRUE,5954.8,USD,,,,,,,0
05-1067-02,"OP PAS,OADM,4CHS,100GHz,Chs 31-34,w/VOAs",TRUE,5919.4,USD,,,,,,,0
05-1068-02,"OP PAS,OADM,4CHS,100GHz,Chs 26-29,w/VOAs",TRUE,5919.4,USD,,,,,,,0
05-1069-02,"OP PAS,OADM,4CHS,100GHz,Chs 21-24,w/VOAs",TRUE,5919.4,USD,,,,,,,0
05-1070-02,"OP PAS,MUX/DEMUX,4CHS,100GHz,Chs 56-59,w",TRUE,4339.2,USD,,,,,,,0
05-1071-02,"OP PAS,MUX/DEMUX,4CHS,100GHz,Chs 51-54,w",TRUE,4339.2,USD,,,,,,,0
05-1072-02,"OP PAS,MUX/DEMUX,4CHS,100GHz,Chs 46-49,w",TRUE,4339.2,USD,,,,,,,0
05-1073-02,"OP PAS,MUX/DEMUX,4CHS,100GHz,Chs 41-44,w",TRUE,4339.2,USD,,,,,,,0
05-1074-02,"OP PAS,MUX/DEMUX,4CHS,100GHz,Chs 36-39,w",TRUE,4365,USD,,,,,,,0
05-1075-02,"OP PAS,MUX/DEMUX,4CHS,100GHz,Chs 31-34,w",TRUE,4339.2,USD,,,,,,,0
05-1076-02,"OP PAS,MUX/DEMUX,4CHS,100GHz,Chs 26-29,w",TRUE,4339.2,USD,,,,,,,0
05-1077-02,"OP PAS,MUX/DEMUX,4CHS,100GHz,Chs 21-24,w",TRUE,4339.2,USD,,,,,,,0
05-1078-02,"OP PAS,FLTR,OSC,1510nm,w/VOA,SWITCH & DE",TRUE,2170,USD,,,,,,,0
05-1079-02,"OP PAS,VOA,OSC,1510nm,w/DET,LC,130x100x1",TRUE,1095.5,USD,,,,,,,0
05-1080-02,"OP PAS,OADM,2CHS,100GHz,Chs 58-59,w/VOAs",TRUE,3249.6,USD,,,,,,,0
05-1081-02,"OP PAS,OADM,1CH,100GHz,Ch 59,w/VOAs & DE",TRUE,2230.4,USD,,,,,,,0
05-1082-02,"OP PAS,OADM,1CH,100GHz,Ch 58,w/VOAs & DE",TRUE,2230.4,USD,,,,,,,0
05-1083-02,"OP PAS,OADM,1CH,100GHz,Ch 57,w/VOAs & DE",TRUE,2230.4,USD,,,,,,,0
05-1084-02,"OP PAS,OADM,1CH,100GHz,Ch 56,w/VOAs & DE",TRUE,2244.2,USD,,,,,,,0
05-1085-02,"OP PAS,OADM,1CH,100GHz,Ch 54,w/VOAs & DE",TRUE,2230.4,USD,,,,,,,0
05-1086-02,"OP PAS,OADM,1CH,100GHz,Ch 53,w/VOAs & DE",TRUE,2244.2,USD,,,,,,,0
05-1087-02,"OP PAS,OADM,1CH,100GHz,Ch 52,w/VOAs & DE",TRUE,2244.2,USD,,,,,,,0
05-1088-02,"OP PAS,OADM,1CH,100GHz,Ch 51,w/VOAs & DE",TRUE,2230.4,USD,,,,,,,0
05-1089-02,"OP PAS,OADM,1CH,100GHz,Ch 49,w/VOAs & DE",TRUE,2230.4,USD,,,,,,,0
05-1090-02,"OP PAS,OADM,1CH,100GHz,Ch 48,w/VOAs & DE",TRUE,2244.2,USD,,,,,,,0
05-1091-02,"OP PAS,OADM,1CH,100GHz,Ch 47,w/VOAs & DE",TRUE,2286.8,USD,,,,,,,0
05-1092-02,"OP PAS,OADM,1CH,100GHz,Ch 46,w/VOAs & DE",TRUE,2286.8,USD,,,,,,,0
05-1093-02,"OP PAS,OADM,1CH,100GHz,Ch 44,w/VOAs & DE",TRUE,2230.4,USD,,,,,,,0
05-1094-02,"OP PAS,OADM,1CH,100GHz,Ch 43,w/VOAs & DE",TRUE,2230.4,USD,,,,,,,0
05-1095-02,"OP PAS,OADM,1CH,100GHz,Ch 42,w/VOAs & DE",TRUE,2230.4,USD,,,,,,,0
05-1096-02,"OP PAS,OADM,1CH,100GHz,Ch 41,w/VOAs & DE",TRUE,2286.8,USD,,,,,,,0
05-1097-02,"OP PAS,OADM,1CH,100GHz,Ch 39,w/VOAs & DE",TRUE,2286.8,USD,,,,,,,0
05-1098-02,"OP PAS,OADM,1CH,100GHz,Ch 38,w/VOAs & DE",TRUE,2244.2,USD,,,,,,,0
05-1099-02,"OP PAS,OADM,1CH,100GHz,Ch 37,w/VOAs & DE",TRUE,2286.8,USD,,,,,,,0
05-1100-02,"OP PAS,OADM,1CH,100GHz,Ch 36,w/VOAs & DE",TRUE,2244.2,USD,,,,,,,0
05-1101-02,"OP PAS,OADM,1CH,100GHz,Ch 34,w/VOAs & DE",TRUE,2230.4,USD,,,,,,,0
05-1102-02,"OP PAS,OADM,1CH,100GHz,Ch 33,w/VOAs & DE",TRUE,2230.4,USD,,,,,,,0
05-1103-02,"OP PAS,OADM,1CH,100GHz,Ch 32,w/VOAs & DE",TRUE,2286.8,USD,,,,,,,0
05-1104-02,"OP PAS,OADM,1CH,100GHz,Ch 31,w/VOAs & DE",TRUE,2244.2,USD,,,,,,,0
05-1105-02,"OP PAS,OADM,1CH,100GHz,Ch 29,w/VOAs & DE",TRUE,2230.4,USD,,,,,,,0
05-1106-02,"OP PAS,OADM,1CH,100GHz,Ch 28,w/VOAs & DE",TRUE,2230.4,USD,,,,,,,0
05-1107-02,"OP PAS,OADM,1CH,100GHz,Ch 27,w/VOAs & DE",TRUE,2230.4,USD,,,,,,,0
05-1108-02,"OP PAS,OADM,2CHS,100GHz,Chs 56-57,w/VOAs",TRUE,3249.6,USD,,,,,,,0
05-1109-02,"OP PAS,OADM,2CHS,100GHz,Chs 53-54,w/VOAs",TRUE,3249.6,USD,,,,,,,0
05-1110-02,"OP PAS,OADM,2CHS,100GHz,Chs 51-52,w/VOAs",TRUE,3249.6,USD,,,,,,,0
05-1111-02,"OP PAS,OADM,2CHS,100GHz,Chs 48-49,w/VOAs",TRUE,3249.6,USD,,,,,,,0
05-1112-02,"OP PAS,OADM,2CHS,100GHz,Chs 46-47,w/VOAs",TRUE,3269.4,USD,,,,,,,0
05-1115-02,"OP PAS,OADM,2CHS,100GHz,Chs 38-39,w/VOAs",TRUE,3249.6,USD,,,,,,,0
05-1116-02,"OP PAS,OADM,2CHS,100GHz,Chs 36-37,w/VOAs",TRUE,3249.6,USD,,,,,,,0
05-1117-02,"OP PAS,OADM,2CHS,100GHz,Chs 33-34,w/VOAs",TRUE,3249.6,USD,,,,,,,0
05-1118-02,"OP PAS,OADM,2CHS,100GHz,Chs 31-32,w/VOAs",TRUE,3249.6,USD,,,,,,,0
05-1119-02,"OP PAS,OADM,2CHS,100GHz,Chs 28-29,w/VOAs",TRUE,3269.4,USD,,,,,,,0
05-1120-02,"OP PAS,OADM,2CHS,100GHz,Chs 26-27,w/VOAs",TRUE,3249.6,USD,,,,,,,0
05-1121-02,"OP PAS,OADM,2CHS,100GHz,Chs 23-24,w/VOAs",TRUE,3249.6,USD,,,,,,,0
05-1122-02,"OP PAS,OADM,2CHS,100GHz,Chs 21-22,w/VOAs",TRUE,3249.6,USD,,,,,,,0
05-1123-02,"OP PAS,OADM,1CH,100GHz,Ch 26,w/VOAs & DE",TRUE,2230.4,USD,,,,,,,0
05-1124-02,"OP PAS,OADM,1CH,100GHz,Ch 24,w/VOAs & DE",TRUE,2230.4,USD,,,,,,,0
05-1125-02,"OP PAS,OADM,1CH,100GHz,Ch 23,w/VOAs & DE",TRUE,2230.4,USD,,,,,,,0
05-1126-02,"OP PAS,OADM,1CH,100GHz,Ch 22,w/VOAs & DE",TRUE,2230.4,USD,,,,,,,0
05-1127-02,"OP PAS,OADM,1CH,100GHz,Ch 21,w/VOAs & DE",TRUE,2230.4,USD,,,,,,,0
05-1244-01,"OP PAS,OADM,32WSS,1530.33-1560.61nm,32CH",TRUE,8268,USD,,,,,,,0
05-1244-02,"OP PAS,OADM,32WSS,1530.33-1560.61nm,32CH",TRUE,8365,USD,,,,,,,0
05-1245-01,"OP PAS,DEMUX,1530.33-1560.61nm,32CHs,100",TRUE,3651,USD,,,,,,,0
05-1245-02,"OP PAS,DEMUX,1530.33-1560.61nm,32CHs,100",TRUE,3585,USD,,,,,,,0
05-1246-01,"OP PAS,OADM,4 CHs,20nm,1471-1531nm,LC,38",TRUE,522,USD,,,,,,,0
05-1247-01,"OP PAS,OADM,4 CHs,20nm,1551-1611nm,LC,38",TRUE,522,USD,,,,,,,0
05-1248-01,"OP PAS,OADM,1  CH,20nm,1471nm,LC,38.48x2",TRUE,314,USD,,,,,,,0
05-1249-01,"OP PAS,OADM,1  CH,20nm,1491nm,LC,38.48x2",TRUE,314,USD,,,,,,,0
05-1250-01,"OP PAS,OADM,1  CH,20nm,1511nm,LC,38.48x2",TRUE,314,USD,,,,,,,0
05-1251-01,"OP PAS,OADM,1  CH,20nm,1531nm,LC,38.48x2",TRUE,314,USD,,,,,,,0
05-1252-01,"OP PAS,OADM,1  CH,20nm,1551nm,LC,38.48x2",TRUE,314,USD,,,,,,,0
05-1253-01,"OP PAS,OADM,1  CH,20nm,1571nm,LC,38.48x2",TRUE,314,USD,,,,,,,0
05-1254-01,"OP PAS,OADM,1  CH,20nm,1591nm,LC,38.48x2",TRUE,314,USD,,,,,,,0
05-1255-01,"OP PAS,OADM,1  CH,20nm,1611nm,LC,38.48x2",TRUE,314,USD,,,,,,,0
05-1256-01,"OP PAS,OADM,8  CHs,20nm,1471-1611nm,LC,3",TRUE,1040.5,USD,,,,,,,0
05-1257-01,"OP PAS,WDM,1310/1550nm,1.2/0.8dB IL,LC,1",TRUE,84.8,USD,,,,,,,0
05-1258-01,"OP PAS,CIRC*****TEST",TRUE,50,USD,,,,,,,0
05-1259-01,"OP PAS,ATTENIT Testing Please ignore",TRUE,50,USD,,,,,,,0
05-1263-01,"OP PAS,FLTR,4-BAND,1530.33-1536.61/1538.",TRUE,874,USD,,,,,,,0
05-1265-01,"OP PAS,SWITCH,SWITCH,BYPASS,8 PORT,2-2X2",TRUE,375,USD,,,,,,,0
05-1266-01,"OP PAS,SWITCH,SWITCH,BYPASS,8 PORT,2-2X2",TRUE,1250,USD,,,,,,,0
05-1266-02,"OP PAS,SWITCH,SWITCH,BYPASS,8 PORT,2-2X2",TRUE,1250,USD,,,,,,,0
05-1267-01,"OP PAS,DCM,1545nm,-350ps/nm,LC,245.5x208",TRUE,3909,USD,,,,,,,0
05-1268-01,"OP PAS,DCM,1545nm,-200ps/nm,LC,245.5x208",TRUE,2578,USD,,,,,,,0
06-1000-01,"SPKR,2"",8 OHM,4 W MAX",TRUE,50,USD,,,,,,,0
06-1001-01,"SPKR,RECVR,PHONE HANDSET 31MM",TRUE,0.5,USD,,,,,,,0
06-1003-01,"PIEZOELEC ALRM, INT CKT,2P,RD,0.6S",TRUE,1.4,USD,,,,,,,0
06-1004-01,"SPKR,2.25"",16 OHM,1W MAX",TRUE,50,USD,,,,,,,0
06-1005-01,"AUDIO EQUIPMENT,PIEZOELEC,75dB @ 3V,1mA,",TRUE,0.27,USD,,,,,,,0
06-1006-01,"SPKR,2.25"",8 OHM,2W MAX",TRUE,0.52,USD,,,,,,,0
06-100607-02,"AUDIO,MIC,Analog Omnidir MEMS Mic Bottom Port,Temp -40 To 100C",TRUE,0,USD,,,,,,,0
06-100660-02,"AUDIO,MIC,MEMS, SMD,-40 to 85 C",TRUE,0,USD,,,,,,,0
06-100699-03,"AUDIO,MIC,Microphone assembly,-20 to 60 C",TRUE,0,USD,,,,,,,0
06-1007-01,"SPKR,2"",8 OHM,4 W MAX",TRUE,50,USD,,,,,,,0
06-100701-02,"AUDIO,SPKR,ENCLOSURE,VOLANTIS",TRUE,0,USD,,,,,,,0
06-100720-01,"AUDIO,SPKR,Darling 85 Speaker Box LH,70 to 0 C",TRUE,0,USD,,,,,,,0
06-100721-01,"AUDIO,SPKR,Darling 85 Speaker Box RH,70 to 0 C",TRUE,0,USD,,,,,,,0
06-100723-01,"AUDIO,SPKR,Darling 55-1.5 Speaker Box Assembly,70 to 0 C",TRUE,0,USD,,,,,,,0
06-100724-01,"AUDIO,SPKR,Darling 70-1.5 Speaker Box Assembly,70 to 0 C",TRUE,0,USD,,,,,,,0
06-100728-01,"AUDIO,MIC,MEMS, SMD,-40 to 85 C",TRUE,0,USD,,,,,,,0
06-1008-01,"SPKR,2.25"",8 OHM,2 W MAX",TRUE,50,USD,,,,,,,0
06-1009-01,"AUDIO EQUIPMENT, test",TRUE,50,USD,,,,,,,0
06-1010-01,"SPKR,MAG BUZZER,MG-SBT1606,30mA,PIN",TRUE,50,USD,,,,,,,0
06-1011-01,"AUDIO EQUIPMENT,PIEZOELEC,90dB,2P,RD,24m",TRUE,0.72,USD,,,,,,,0
06-1018-01,"AUDIO,MICROPHONE, (+/-2dB) 5V,1.5K",TRUE,0.12,USD,,,,,,,0
06-1020-01,"AUDIO,SPKR,RECVR,PHONE HANDSET,TRANEAT V",TRUE,50,USD,,,,,,,0
06-1021-01,"AUDIO,MIC ASSY,EM9767-40FL,MWM,HF",TRUE,50,USD,,,,,,,0
07-100344-01,"RF EQUIP, BCMS50070RY01 + BCM53312SB0KPBG",TRUE,0,USD,,,,,,,0
07-100412-02,"RF EQUIP,ANTENNA,RFID LABEL,GLOBAL,6.77""x0.16""x0.015""TH,80C to -40C",TRUE,0,USD,,,,,,,0
07-100440-02,"RF EQUIP, LEFT ANTENNA, NOVUM X",TRUE,0,USD,,,,,,,0
07-100469-01,"RF EQUIP, 98DX3036A2-BIH2C000+ 88E1545-A0-LKJ2C000+ 88E1543-A0-LKJ2C000, MARVELL",TRUE,0,USD,,,,,,,0
07-100474-01,"RF EQUIP,ANTENNA,Monopole, WPAN, 863-876 MHz, 902-928 MHz, 2dBi , IP67, Outdoor, Operational I-TEMP (-40 to 70C), Storage (-40 to +85C).  Antenna is vandal resistant, works with and without GND plane, passed extensive MDVT and environmental",TRUE,0,USD,,,,,,,0
07-100476-01,"RF EQUIPMENT,SPECIAL,PATCH,5GHz,14 dBi DUAL-POLARIZED,FENWAY,I-TEMP (-40 to 85'C)",TRUE,0,USD,,,,,,,0
07-100477-01,"RF EQUIPMENT,SPECIAL,PATCH,2.4GHz,13 dBi DUAL-POLARIZED,FENWAY,I-TEMP (-40 to 85'C)",TRUE,0,USD,,,,,,,0
07-100478-01,"RF EQUIP,MODULE,802.11a/b/g/n/ac + BT4.1 + FM Rx,-30 to 85 C",TRUE,0,USD,,,,,,,0
07-100479-01,"RF EQUIP,ANTENNA,RFID,GLOBAL,AST1-145",TRUE,0,USD,,,,,,,0
07-100480-01,"RF EQUIP,ANTENNA,Barents, 195mm, Internal 802.11 a/b/g/n Dual-band,70 to -20 C",TRUE,0,USD,,,,,,,0
00MW533,"FRU, SMM ASM",TRUE,594,USD,,,,,,,0
00MW534,"FRU, x16 shuttle PDM ASM",TRUE,1314,USD,,,,,,,0
00MW539,"FRU, EIOM RJ45 ASM",TRUE,1863,USD,,,,,,,0
00MW543,SD530 2x2 SAS/SATA BP,TRUE,277,USD,,,,,,,0
00MW551,"Fan 60A, FRU, AVC",TRUE,178,USD,,,,,,,0
00MW552,"Fan 60D, FRU, DELTA",TRUE,178,USD,,,,,,,0
00MW553,"Fan 80A, FRU, AVC",TRUE,221,USD,,,,,,,0
00MW554,"Fan 80D,FRU ASM, DELTA",TRUE,221,USD,,,,,,,0
00MW556,"Rail kit, FRU",TRUE,523,USD,,,,,,,0
00MW645,"FRU, x16 PIOR-R ASM",TRUE,750,USD,,,,,,,0
00MW646,"FRU, x16 PIOR-L ASM",TRUE,747,USD,,,,,,,0
00MW648,"FRU, SD530 Dongle Module",TRUE,288,USD,,,,,,,0
00WE029,Intel OPA 100 Series Single-port PCIe 3.0 x16 HFA,TRUE,1250,USD,,,,,,,0
012-1000-5782,SKT R ILM DUST COVER,TRUE,0.15,USD,,,,,,,0
01D735-124113,SO-DIMM.2G (Made by: HYNIX),TRUE,28.45,USD,,,,,,,0
01D735-124290,SO-DIMM.2G (Made By: A-DATA),TRUE,27.63,USD,,,,,,,0
01D735-124291,SO-DIMM.2G (Made by: A-DATA),TRUE,27.63,USD,,,,,,,0
01D735-124660,SO-DIMM.2G (Made by: TRANSC),TRUE,27.63,USD,,,,,,,0
01DE973,SM  16GB 2RX8 PC4-2666R 8Gb 1.2V,TRUE,836,USD,,,,,,,0
01DE974,SM  32GB 2RX4 PC4-2666R 8Gb 1.2V,TRUE,1346,USD,,,,,,,0
01FL665,SD530 Computing Node,TRUE,1790,USD,,,,,,,0
01GT778,"Thinktem 2.5"" Intel S4600 480GB Mainstream SATA 6Gb Hot Swap SSD",TRUE,1941,USD,,,,,,,0
01GT779,"Thinktem 2.5"" Intel S4600 960GB Mainstream SATA 6Gb Hot Swap SSD",TRUE,3796,USD,,,,,,,0
01GV273,Artesyn 2000W PT PSU,TRUE,999,USD,,,,,,,0
01GV274,Delta 2000W PT PSU,TRUE,2180,USD,,,,,,,0
01KR439,"Thinktem 2.5"" Intel S4600 1.92TB Mainstream SATA 6Gb Hot Swap SSD",TRUE,7430,USD,,,,,,,0
01PE164,Artesyn 2000W Platinum PSU,TRUE,999,USD,,,,,,,0
0432-031W000,ADAPTER SWITCHING 120W/19V 3P//DELTA/ADP-120RH DA1,TRUE,24.8,USD,,,,,,,0
0432-031W100,ADAPTER SWITCHING 120W/19V 3P//DELTA/ADP-120RH DA1,TRUE,16,USD,,,,,,,0
0432-031W200,ADAPTER SWITCHING 120W/19V 3P// DELTA/ADP-120RH DA,TRUE,16,USD,,,,,,,0
0432-031W200,ADAPTER SWITCHING 120W/19V 3P// DELTA/ADP-120RH DA,TRUE,16,USD,,,,,,,0
0432-031W300,ADAPTER SWITCHING 120W/19V 3P// DELTA/ADP-120RH DA,TRUE,16,USD,,,,,,,0
0432-035H000,ADAPT SW. CC 5V/4A USB HUB US,TRUE,24.59,USD,,,,,,,0
0432-0376000,ADAPT SW. CC 5V/4A USB HUB IN,TRUE,24.59,USD,,,,,,,0
0432-0478000,ADP 19V/3.42A 3PIN DT VI/LITEON/PA-1650-90P2,TRUE,12,USD,,,,,,,0
0432-0478100,90W  Dawson Adaptor Liteon BIS logo,TRUE,12,USD,,,,,,,0
0432-047N000,ADP 19.5v/11.8v 3PIN DT VI X02/LITEON/PA-1231-12,TRUE,12,USD,,,,,,,0
0432-047S000,ADP 19V/4.74A 3PIN DT VI VER.A,TRUE,17.6,USD,,,,,,,0
0432-047S100,90W CRIMSON ADAPTER CHICONY BIS LOGO (INDIA) MODEL A090A086Q-PG01,TRUE,0.01,USD,,,,,,,0
0432-04AF000,90W CRIMSON ADAPTER LITEON: MODEL: PA-1900-32P5 (REV.0),TRUE,0.01,USD,,,,,,,0
0432-04AF100,ADP 19V/4.74A 3PIN DT T2 REV.B,TRUE,17.6,USD,,,,,,,0
0432-04AF200,90W CRIMSON ADAPTER LITEON BIS LOGO (INDIA) MODEL:PA-1900-32P5 (REV.2),TRUE,0.01,USD,,,,,,,0
0432-04LL000,ADAPTER SWITCHING 120W/19V 3P// DELTA/ADP-120RH DA,TRUE,16,USD,,,,,,,0
0432-04UW000,230W HADES ADAPTER LITEON BIS LOGO (INDIA) MODEL: PA1231-12P1 ADD?APEC/MOS/BIS logo(India)),TRUE,12,USD,,,,,,,0
0432-04WW000,90W ISLAY ADAPTOR HUNTJEY BIS LOGO (INDIA) MODEL: HKA09019047-6U (REV.0),TRUE,0.01,USD,,,,,,,0
04A3-00MH0IN,CBL PEGATRON Microphone,TRUE,1,USD,,,,,,,0
04AB-001J0IN,"CBL, EXTR,DVI TO VGA ADAP,40.00 MM",TRUE,0.83,USD,,,,,,,0
04AB-004Q0IN,"CBL, EXTR,DVI TO VGA ADAP,40.00 MM",TRUE,0.83,USD,,,,,,,0
10030BQ02-600-G,"BD, FRONT PANEL BOARD",TRUE,3.12,USD,,,,,,,0
10030F00600-G,"KIT, MAINT KIT, ELK PEAK",TRUE,109,USD,,,,,,,0
10061,"ADPT,PWR CORD,USBTONEMA 1-15",TRUE,15,USD,,,,,,,0
100SWDLF32Q,PCODE  100SWDLF32Q,TRUE,17668,USD,,,,,,,0
100SWDLF32QDELL,PCODE  100SWDLF32QDELL,TRUE,17668,USD,,,,,,,0
100SWDLF32QHP,PCODE  100SWDLF32QHP,TRUE,17668,USD,,,,,,,0
100SWDLF48D,PCODE  100SWDLF48D,TRUE,22312,USD,,,,,,,0
100SWDMGTSH,PCODE  100SWDMGTSH,TRUE,5000,USD,,,,,,,0
100SWDMGTSHDELL,PCODE  100SWDMGTSHDELL,TRUE,2000,USD,,,,,,,0
100SWDMGTSHHP,PCODE  100SWDMGTSHHP,TRUE,2000,USD,,,,,,,0
100SWDPS001DELL,"PCODE, 100SWDPS001DELL",TRUE,1966,USD,,,,,,,0
100SWDPS001HP,PCODE  100SWDPS001HP,TRUE,1966,USD,,,,,,,0
100SWDSPINE,PCODE  100SWDSPINE,TRUE,18340,USD,,,,,,,0
100SWDSPINEDELL,PCODE  100SWDSPINEDELL,TRUE,7336,USD,,,,,,,0
100SWDSPINEHP,PCODE  100SWDSPINEHP,TRUE,7336,USD,,,,,,,0
100SWE24QF2,PCODE  100SWE24QF2,TRUE,13980,USD,,,,,,,0
100SWE24UF1,PCODE  100SWE24UF1,TRUE,10952,USD,,,,,,,0
100SWE24UF1DELL,PCODE  100SWE24UF1DELL,TRUE,4381,USD,,,,,,,0
100SWE24UF2,PCODE  100SWE24UF2,TRUE,11860,USD,,,,,,,0
100SWE24UF2DELL,PCODE  100SWE24UF2DELL,TRUE,4744,USD,,,,,,,0
100SWE24UF2LNVO,PCODE  100SWE24UF2LNVO,TRUE,4743.96,USD,,,,,,,0
100SWE24UR2LNVO,PCODE  100SWE24UR2LNVO,TRUE,4743.96,USD,,,,,,,0
100SWE48QF1,PCODE  100SWE48QF1,TRUE,14840,USD,,,,,,,0
100SWE48QF2,PCODE  100SWE48QF2,TRUE,15520,USD,,,,,,,0
100SWE48QF2HP,PCODE  100SWE48QF2HP,TRUE,15520,USD,,,,,,,0
100SWE48QR2,PCODE  100SWE48QR2,TRUE,15520,USD,,,,,,,0
100SWE48UF1,PCODE  100SWE48UF1,TRUE,13250,USD,,,,,,,0
100SWE48UF1DELL,PCODE  100SWE48UF1DELL,TRUE,13250,USD,,,,,,,0
100SWE48UF2,PCODE  100SWE48UF2,TRUE,13930,USD,,,,,,,0
100SWE48UF2DELL,PCODE  100SWE48UF2DELL,TRUE,13930,USD,,,,,,,0
100SWE48UF2HP,PCODE  100SWE48UF2HP,TRUE,13930,USD,,,,,,,0
100SWE48UF2LNVO,PCODE  100SWE48UF2LNVO,TRUE,13930,USD,,,,,,,0
100SWE48UR2,PCODE  100SWE48UR2,TRUE,13930,USD,,,,,,,0
100SWE48UR2LNVO,PCODE  100SWE48UR2LNVO,TRUE,13930,USD,,,,,,,0
100SWE48URD,PCODE  100SWE48URD,TRUE,13250,USD,,,,,,,0
100SWEQ7CN1,PCODE  100SWEQ7CN1,TRUE,1590,USD,,,,,,,0
100SWEQ7CN1DELL,PCODE  100SWEQ7CN1DELL,TRUE,1590,USD,,,,,,,0
100SWEQ7CN1LNVO,PCODE  100SWEQ7CN1LNVO,TRUE,1590,USD,,,,,,,0
10927,"PS,550W,1,12,PFC,PDB",TRUE,400,USD,,,,,,,0
10943,Summit 300W AC PSU BF  300W AC Power Supply Module - Back to Front Airflow Mfr PN 10943,TRUE,495,USD,,,,,,,0
10946,Summit X460-G2 Fan Module BF  Fan Module for Summit X460-G2 Series Switches  Back to Front Airflow Mfr PN 10946,TRUE,179.08,USD,,,,,,,0
12005-PT16,"KP,DELL 16P IB PASS-THRU QDR BLADE",TRUE,2021,USD,,,,,,,0
12200-18,KP12200-18 PORT QDR IB SWITCH UNIT,TRUE,2724,USD,,,,,,,0
12200-18-28,"12200-18 PORT QDR IB SWITCH UNIT, ISILON",TRUE,2392,USD,,,,,,,0
12200-BS01,KP12200 IB SWITCH 36P BASE CONFIG 01,TRUE,3960,USD,,,,,,,0
12200-BS01-28,12200 IB SWITCH 36P BASE CONFIG 01 ISILON,TRUE,4784,USD,,,,,,,0
12200-BS01-MM,"KP,36P IB SWITCH, 1PS, CABLE SIDE AC, P>",TRUE,4442,USD,,,,,,,0
12200-BS21,"KP,12200 IB SWITCH 36P 2PS BASE CONFIG >",TRUE,3464,USD,,,,,,,0
12200-BS23,KP36P IB SWITCH 2PS CABLE SIDE AC P>,TRUE,4331,USD,,,,,,,0
12200-BS23-MM,"KP,36P IB SWITCH, 2PS, CABLE SIDE AC, P>",TRUE,4711,USD,,,,,,,0
12200-CH01,12200 IB SWITCH 36P BASE CONFIG 01,TRUE,3960,USD,,,,,,,0
123.DPBC.ANZ87P,Recon Jet Pro Plus Black Frame with Clear ANSI Z87,TRUE,699,USD,,,,,,,0
12300-BS01,KP12300 IB SWITCH 36P BASE CONFIG 01,TRUE,4813,USD,,,,,,,0
12300-BS01-28,12300 IB SWITCH 36P BASE CONFIG 01 -IBM/X,TRUE,4795,USD,,,,,,,0
12300-BS18,"KP,12300 18 PORT QDR IB SWITCH BASE UNIT",TRUE,3946,USD,,,,,,,0
12300-CH01,12300 IB SWITCH 36P BASE CONFIG 01,TRUE,4813,USD,,,,,,,0
12300-PS01,KP12300 PWR/FAN MODULE,TRUE,398,USD,,,,,,,0
12800-180-CH01,12800-180 IB Switch Chassis (12800180CH01),TRUE,21088,USD,,,,,,,0
12800-360-BL01-9X,KP 12800-360 IB SWITCH BUNDLE 01-IBM/X,TRUE,58123,USD,,,,,,,0
12800-360-CH01,KP 12800-360 IB SWITCH CHASSIS,TRUE,22818.5,USD,,,,,,,0
12800-FEXH,"KP,12800 EXHAUST FAN MODULE",TRUE,242,USD,,,,,,,0
12800-FITK,KP12800 INTAKE FAN MODULE,TRUE,242,USD,,,,,,,0
12800-LF18,"KP,12800 18-PORT 4X QDR ULTRA-HPIB LEAF>",TRUE,5062,USD,,,,,,,0
12800-LF24,"KP,12800 24-PORT 4X QDR ULTRA-HDIB LEAF>",TRUE,5192,USD,,,,,,,0
12800-MM01,KP12800 MANAGEMENT MODULE,TRUE,2801,USD,,,,,,,0
12800-PS01,KP12800-POWER SUPPLY MODULE,TRUE,616,USD,,,,,,,0
12800-SP02,12800 DOUBLE SPINE MODULE,TRUE,6433,USD,,,,,,,0
12800-SPDB01,"KP,12800 DOUBLE SPINE MODULE",TRUE,6433,USD,,,,,,,0
12800-SPSG01,"KP,12800 SINGLE SPINE MODULE",TRUE,3347,USD,,,,,,,0
1.28E+11,SWITCH 128000404828 0.00GHZ NO CPU,TRUE,28465,USD,,,,,,,0
13-050-000210,Motherboard Fan Set - 5V DC,TRUE,2.18,USD,,,,,,,0
1302-01U8000,"SHIELD, I/O, IPM61-WW",TRUE,0.33,USD,,,,,,,0
1302-01U9000,"SHIELD, I/O, IPM61-WW",TRUE,0.33,USD,,,,,,,0
1302-01WA000,"SHIELD, I/O, IPA79-TO",TRUE,0.53,USD,,,,,,,0
1302-01XM000,I/O Shield,TRUE,1,USD,,,,,,,0
1302-01Y9000,"SHIELD, I/O, IPM61 BE",TRUE,0.33,USD,,,,,,,0
1302-01YA000,"SHIELD, I/O, IPM61 CR",TRUE,0.33,USD,,,,,,,0
1302-01YG000,"SHIELD, I/O,",TRUE,0.3,USD,,,,,,,0
1302-01YH000,"SHIELD, I/O, INTEL IPA77-KC",TRUE,0.3,USD,,,,,,,0
1302-01YK000,"SHIELD, I/O, INTEL IPM77-MK",TRUE,0.53,USD,,,,,,,0
1302-01YL000,"SHIELD, I/O, INTEL IPX77-KB",TRUE,0.53,USD,,,,,,,0
1302-01YM000,"SHIELD, I/O, INTEL IPX77/ KUANGYING/HALF SIZE",TRUE,0.53,USD,,,,,,,0
1302-0213000,IPM75-EN IO SHIELDING INTEL,TRUE,0.53,USD,,,,,,,0
131A-01N5000,SCREW M4*11.5L F B-NI #2/SCREWTECH MACHI,TRUE,0.15,USD,,,,,,,0
131A-01RC000,SCREW M3*L3+5 K B-NI #2/SCREWTECH MACHINE,TRUE,0.01,USD,,,,,,,0
131A-01UX000,SCREW M3*3L K Y-ZN #2,TRUE,2.74,USD,,,,,,,0
131E-00FK000,q,TRUE,0.08,USD,,,,,,,0
1320-00VB000,15W DGPU MODULE INTEL ISLAY,TRUE,7.68,USD,,,,,,,0
1323-00U9000,BLOWER NUC/DELTA/KSB0605HBBNM,TRUE,6.01,USD,,,,,,,0
13E5-2QB0401,Skull Canyon Top Cover,TRUE,1.25,USD,,,,,,,0
13E5-2QN0201,IMPSL-KY(00) VESA PLATE,TRUE,1.06,USD,,,,,,,0
13E5-2QN0211,IMPSL-KY(00) VESA PLATE,TRUE,1.06,USD,,,,,,,0
13E5-2QU0M01,IMPSL-KY(00) M3 SCREW A,TRUE,0.8,USD,,,,,,,0
13M1-01N0201,"SHIELD, I/O, IPA79-SR/ KUANGYING",TRUE,0.53,USD,,,,,,,0
13M1-01N0B01,IPM87-PG IO SHIELDING,TRUE,0.53,USD,,,,,,,0
13M1-01N0F01,IPA87-MC IO SHIELDING,TRUE,0.53,USD,,,,,,,0
13P1-5WB0901,SCREW BAG FOR DAWSON VESA BRACKET,TRUE,0.01,USD,,,,,,,0
13P1-5WN0501,DN(00) VESA_BKT/K&J/SGCC,TRUE,1,USD,,,,,,,0
13P1-5WN0511,DN(00) VESA_BKT/K&J,TRUE,1,USD,,,,,,,0
13P1-64N0311,HADES(00) VESA PLATE/ALLIED,TRUE,4.25,USD,,,,,,,0
13P1-64U1001,HADES(00) M2*6L F B-NI/SCREWTECH,TRUE,0.15,USD,,,,,,,0
13P1-66B0111,CY(00) BTM_BKT_ASM,TRUE,5.75,USD,,,,,,,0
13P1-66N0201,CY(00) M2_BKT,TRUE,2.93,USD,,,,,,,0
13P1-66N0601,CY(00) VESA_BKT (K&J/SGCC),TRUE,3.8,USD,,,,,,,0
13P1-66N0611,CY(00) VESA_BKT (K&J),TRUE,3.8,USD,,,,,,,0
14-312-050112,VGA Cable,TRUE,2.94,USD,,,,,,,0
14-312-131203,CABLE.USB(A TYPE)+USB(MICRO BTYPE)..L1000mm.BLACK.,TRUE,1.4,USD,,,,,,,0
14-312-131206,CABLE.USB(A TYPE)+USB(MICRO BTYPE)..L1000mm.BLACK.,TRUE,1.4,USD,,,,,,,0
14-312-150672,CABLE.HDMI..19P+19P(F)..L200mm....GWI0614-2..V.D,TRUE,2.6,USD,,,,,,,0
14-312-150674,CABLE.HDMI..19P+19P(F)..L200mm....GWI0614-2..V.D,TRUE,2.6,USD,,,,,,,0
14-312-150675,"Cable, HDMI 19P+19P(F) L200mm",TRUE,1.56,USD,,,,,,,0
14-312-150679,CABLE.HDMI..19P+19P(F)..L200mm....HFWI0006.....HF.,TRUE,3.38,USD,,,,,,,0
14-312-150680,CABLE.HDMI..19P+19P(F)..L200mm....JM15-097.....HF.,TRUE,3.38,USD,,,,,,,0
14-324-000042,SATA Cable (Made by:JE MUO),TRUE,1.27,USD,,,,,,,0
14-324-000043,SATA CABLE (Made by: VSO),TRUE,1.27,USD,,,,,,,0
14-324-100113,CABLE.SATA..15P(F)(90D)+7P(F)(90D)*2+.5P(IDC).L180,TRUE,0.97,USD,,,,,,,0
14-412-002161,Type B power cord.  POWER CORD.SVT.MICKEY 3P.(A12-,TRUE,1.6,USD,,,,,,,0
14-412-182110,Type B POWER CORD.SVT.MICKEY 3P(SP305/IS034)..7A.1,TRUE,1.6,USD,,,,,,,0
14-422-000262,Type G POWER CORD.H05VV-F.MICKEY 3P.(A12-0031-AC2/,TRUE,2.08,USD,,,,,,,0
14-422-180218,Type G POWER CORD..MICKEY 3P(SP62/IS034)...250V.BL,TRUE,2.08,USD,,,,,,,0
1401-01EP0IN,CEDAR HDMI CABLE 150mm,TRUE,4.8,USD,,,,,,,0
1401-01EQ0IN,CEDAR HDMI CABLE 150mm,TRUE,4.74,USD,,,,,,,0
1401-01ER0IN,CEDAR USB3.1 TYPE C 1800mm,TRUE,17.76,USD,,,,,,,0
1401-01ES0IN,CEDAR USB3.1 TYPE C 1800mm,TRUE,17.74,USD,,,,,,,0
1411-0229000,AC POWER CORD 3P 600mm(EU)//I-SHENG/112234012006001E,TRUE,4.62,USD,,,,,,,0
1411-022A000,AC POWER CORD 3P 600mm (US)//I-SHENG/115B34012006001A,TRUE,3.77,USD,,,,,,,0
1411-022B000,AC POWER CORD 3P 600mm(AU)//I-SHENG/112B340120060010,TRUE,4.14,USD,,,,,,,0
1411-022C000,AC POWER CORD 3P 600mm(UK)//I-SHENG/1162340120060010,TRUE,5.28,USD,,,,,,,0
1411-022D000,AC POWER CORD 3P 600mm(UK)//LINETEK/P0A0080-004HFV,TRUE,5.28,USD,,,,,,,0
1411-022E000,AC POWER CORD 3P 600mm(AU)//LINETEK/S0A0080-001HFV,TRUE,4.14,USD,,,,,,,0
1411-022F000,AC POWER CORD 3P 600mm(EU)//LINETEK/M0A0080-001HFV,TRUE,4.62,USD,,,,,,,0
1411-022G000,AC POWER CORD 3P 600mm(US)//LINETEK/F0A0080-001HFV,TRUE,3.77,USD,,,,,,,0
1411-027V000,AC POWER CORD 3P 600mm(US)/HONGLIN/200-17489,TRUE,0.99,USD,,,,,,,0
1411-0284000,AC POWER CORD 3P 600mm(EU)/HONGLIN/200-17491,TRUE,0.99,USD,,,,,,,0
1411-0285000,AC POWER CORD 3P 600mm(AU)/HONGLIN/200-17488,TRUE,0.99,USD,,,,,,,0
1411-0286000,AC POWER CORD 3P 600mm(CN)/HONGLIN/200-17487,TRUE,0.99,USD,,,,,,,0
1411-0287000,AC POWER CORD 3P 600mm(UK)/HONGLIN/200-17490,TRUE,0.99,USD,,,,,,,0
1411-028K000,AC POWER CORD 3P 600mm(TW/JP)/HONGLIN/200-17662,TRUE,0.99,USD,,,,,,,0
1411-02A7000,AC POWER CORD 3P 600mm(AR)/HONGLIN/200-17742,TRUE,0.99,USD,,,,,,,0
1411-02A8000,AC POWER CORD 3P 600mm(IN)/HONGLIN/200-17746,TRUE,0.99,USD,,,,,,,0
1411-02F5000,AC POWER CORD 600mm US CA65,TRUE,3.51,USD,,,,,,,0
1411-02F9000,AC PWR CORD C5 600mm US CA65,TRUE,3.49,USD,,,,,,,0
1510-0W9A0IN,"SHIELD, I/O, INTEL IPM77-MK",TRUE,0.53,USD,,,,,,,0
1510-11V00IN,"MNL, DQ77KB,CONFIG LBL,EN",TRUE,0.07,USD,,,,,,,0
1510-12VR0IN,"MNL, DQ77CP,CONFIG LBL,EN",TRUE,0.07,USD,,,,,,,0
1535-06ES0IN,"DVDA, MK/KB/EN EI,MLTILNG,1.0,CDPG",TRUE,0.21,USD,,,,,,,0
1535-06ET0IN,"DVDA, MK/KB/EN EI,MLTILNG,1.0,CDPG",TRUE,0.21,USD,,,,,,,0
1535-06EU0IN,"DVDA, MK/KB/EN EI,MLTILNG,1.0,CDPG",TRUE,0.21,USD,,,,,,,0
1535-06LP0IN,"DVDA, CV PARK EI,MLTILNG,1.0,CDPG",TRUE,0.21,USD,,,,,,,0
1535-06LQ0IN,"DVDA, CV PARK EI,MLTILNG,1.0,CDPG",TRUE,0.21,USD,,,,,,,0
16712,Summit X460-G2 VIM-2t  Optional Virtual Interface Module for the Rear of the X460-G2 Providing 2x 10GBase-T ports Mfr PN 16712,TRUE,1395,USD,,,,,,,0
16717,Summit X460-G2-48t-GE4-Base  48x 10/100/1000Base-T  4 1GBase-X unpopulated SFP  Rear VIM Slot  Rear Timing Slot  2x PSU Slots  Fan Module Slot  ExtremeXOS Edge license Mfr PN 16717,TRUE,6205,USD,,,,,,,0
17010043,"CBL,CAT5E,00XB-BLU,KIT,2M",TRUE,6,USD,,,,,,,0
17010099,"CBL,CAT5E,00XB-BLU,KIT,1M",TRUE,4,USD,,,,,,,0
17112,"SWITCH,SUMMIT,VIM4-40G4X,10G",TRUE,330,USD,,,,,,,0
1A02C8L00-SPS,"SKT, LGA1155/LGA1156",TRUE,3,USD,,,,,,,0
1B21H4F00-600-G,"AIRDUCT,GROSSE POINT-FIXED",TRUE,48,USD,,,,,,,0
20-060-055011,BRACKET.SGCC..BLACK.VESA MOUNT...T0.8mm..NUC7CJY......LEAD-FREE(RoHS/HF).HUNTKEY,TRUE,1.06,USD,,,,,,,0
20-060-727011,VESA MOUNT bracket HUNTKEY,TRUE,1.06,USD,,,,,,,0
20-060-727012,VESA MOUNT bracket HUNTKEY,TRUE,1.06,USD,,,,,,,0
20-060-727013,VESA MOUNT bracket HUNTKEY,TRUE,1.06,USD,,,,,,,0
20-060-892011,BRACKET.SPCC..BLACK.VESA MOUNT...T0.8mm..DK132EPJ.,TRUE,1.06,USD,,,,,,,0
20-130-727000,Thermal Module - Coolermaster (blower/heatsink),TRUE,8.56,USD,,,,,,,0
20-130-727001,Thermal Module - KingcoolerÂ  (blower/heatsink),TRUE,8.56,USD,,,,,,,0
20-130-DA7000,Thermal Module - KingcoolerÂ  (blower/heatsink),TRUE,6.14,USD,,,,,,,0
20-130-DA7001,Thermal Module - Coolermaster (blower/heatsink),TRUE,6.15,USD,,,,,,,0
20-340-G83071,I/O SHIELD,TRUE,0.28,USD,,,,,,,0
20-340-Y50151,"SHIELD,I/O,ATX,SSTL,6.25 x 1.75 in SHIELD,I/O,ATX,",TRUE,0.08,USD,,,,,,,0
20-340-Y50271,"SHIELD,I/O,ATX,SSTL,6.25 x 1.75 in SHIELD,I/O,ATX,",TRUE,0.08,USD,,,,,,,0
20-501-748002,CASE-M....R2.PLASTIC+METAL.D54250WYK......W/O PSU.,TRUE,9,USD,,,,,,,0
20-501-748011,CASE-M.....PLASTIC+METAL.D54250WYK......W/O PSU.FO,TRUE,10.32,USD,,,,,,,0
22-225-300900,Vesa Mount Screws For Chassis,TRUE,0.05,USD,,,,,,,0
22-225-400700,VESA Mount screws for wall GREAT GOLD,TRUE,0.01,USD,,,,,,,0
22-232-200351,SCREW.I.H.M2*0.4*3mm D5 H0.8.....NI NYLOK.....HF.L,TRUE,0.01,USD,,,,,,,0
22-232-300310,Screws (silver color) to fix the HDD (4),TRUE,0.01,USD,,,,,,,0
22-235-300400,SCREW.I.H.M3*0.5*4mm D8 H2.5/d4.4 h3.....BLACK ZN..LADDER....LEAD-FREE(RoHS)..HUNTKEY,TRUE,0.81,USD,,,,,,,0
22-235-301100,VESA Mount screws for Chassis HUNTKEY (2),TRUE,0.04,USD,,,,,,,0
22-235-303500,HDD Screws (2),TRUE,0.03,USD,,,,,,,0
2221100181,AS NIC OEM S N/A DINGO3,TRUE,9425.25,USD,,,,,,,0
23-642-200147,Stud Spacer (1),TRUE,0.03,USD,,,,,,,0
30-020-788012,COVER.PC.BLACK.TOP.R2..STCK1A32WFC.LEAD-FREE(RoHS),TRUE,0.11,USD,,,,,,,0
30-270-758001,"Chassis stand, STAND.ABS..BLACK..W/RUBBER*8,SCREW",TRUE,0.72,USD,,,,,,,0
30-360-727021,NUC Thermal pad Kit,TRUE,2.2,USD,,,,,,,0
30-651-788051,COVER.PC..BLACK.TOP....R2..STCK1A32WFC.....LEAD-FR,TRUE,0.11,USD,,,,,,,0
32-080-040000,PROTECTIVE FILM.PP.COVER TOP..109.03*37.63mm,TRUE,0.1,USD,,,,,,,0
340D71400001,"IO SHIELDING ASSY;SBU,INTEL,LABEL+IO SHIELDING,DZ8",TRUE,0.43,USD,,,,,,,0
341D67100003,"SHIELD, I/O,ATX,SSTL,6.25 x 1.75 in",TRUE,0.29,USD,,,,,,,0
341D67200001,"SHIELD, I/O, INTEL,SUS 301",TRUE,0.25,USD,,,,,,,0
341D67200002,"SHIELD, I/O, INTEL,SUS 301,HALF",TRUE,0.22,USD,,,,,,,0
341D67400002,"SHIELD, I/O, SBU,INTEL,DVI: MUD/HND,Cedar IO00N",TRUE,0.33,USD,,,,,,,0
341D68300001,"SHIELD, I/O,ATX,SSTL,6.25 x 1.75 in",TRUE,0.33,USD,,,,,,,0
341D69000002,"SHIELD, I/O,-TF,SBU,MB,REAR",TRUE,0.34,USD,,,,,,,0
341D71300001,"TF-IO SHIELDING;SBU,MB,REAR,Round Lake,Sharkbay",TRUE,0.3,USD,,,,,,,0
341D71400001,"IO SHIELDING ASSY;SBU,INTEL,LABEL+IO SHIELDING,DZ8",TRUE,0.43,USD,,,,,,,0
341D72500001,"IO SHIELDING; Frost Lake,Sharkbay",TRUE,0.3,USD,,,,,,,0
345D67200001,DC Lid,TRUE,0.12,USD,,,,,,,0
34CB001429,"CBL, PACK OF 10 SPARE SES CABLES USED FOR THE S500",TRUE,17,USD,,,,,,,0
40-051-EX9000,"CL,MNL, MKT,RKE ATTN,EN",TRUE,0.09,USD,,,,,,,0
40-053-748040,"MNL,D54250WYK,PROD IG,EN",TRUE,0.6,USD,,,,,,,0
40-053-748050,"MNL,D34010WYK,PROD IG,EN",TRUE,0.6,USD,,,,,,,0
40-053-756001,MNL.  QUICK GUIDE.DN2820FYK,TRUE,0.6,USD,,,,,,,0
4.22797E+11,"CBL,FLT,HDDRV,20.00 IN,SATA 2 LATCH non-UV",TRUE,0.24,USD,,,,,,,0
4.22799E+11,"CONN,MISC,26P,RIGID SLI,ADAPTER",TRUE,1.03,USD,,,,,,,0
422D65100001,"CABLE ASSY;SBU,WIRELESS,MSI,10P,Burrage",TRUE,0.73,USD,,,,,,,0
422D67200001,"SATA EXTERNAL,SBU,18 AWG,400 MM",TRUE,0.98,USD,,,,,,,0
422D67200003,"SATA EXTERNAL,SBU,INTEL,26 AWG,508 MM",TRUE,0.26,USD,,,,,,,0
4N618-048,"CBL, PM BUS CABLE",TRUE,109,USD,,,,,,,0
4N618-049,"CBL, PDB POWER CABLE",TRUE,109,USD,,,,,,,0
4N618-052,"CBL, CONTROL For 3.5"" HDD SKU, MB to FB",TRUE,109,USD,,,,,,,0
4N618-053,"FRONT USB CABLE For 3.5"" HDD SKU, MB to FB",TRUE,109,USD,,,,,,,0
4NB00-045,"CBL, KIT ASSEMBLY",TRUE,48,USD,,,,,,,0
5615D6710010,"MNL, D2500HN,CONFIG LBL,EN",TRUE,0.18,USD,,,,,,,0
5615D6720007,"MNL, D2700MT,CONFIG LBL,EN",TRUE,0.15,USD,,,,,,,0
5615D6740016,"MNL, D2550MUD2,CONFIG LBL,EN",TRUE,0.19,USD,,,,,,,0
5615D6830004,"MNL, D2500CC,CONFIG LBL,EN",TRUE,0.18,USD,,,,,,,0
5651D6710005,"DVD,D2500CC,MLTILNG,1.0,ICBD",TRUE,0.42,USD,,,,,,,0
5651D6720006,"DVD,D2700MT,MLTILNG,1.0",TRUE,0.42,USD,,,,,,,0
5946039,PCODE SUN SPRING FOUNTAIN  SINGLE,TRUE,209,USD,,,,,,,0
5946040,"BD, NIC, SPRNG WATR,DP,SR,OEM,S,10 GIG,N",TRUE,377.41,USD,,,,,,,0
5946327,"BD, NIC, SUNSHINEKEY,OEM,S,10 GIG,NIANTI",TRUE,169.72,USD,,,,,,,0
5A120-006,"FAN, SYSTEM FAN - SINGLE CONNECTOR",TRUE,55,USD,,,,,,,0
6017B0042101,"CBL, CDROM, SR2500",TRUE,1,USD,,,,,,,0
6017B0054001,"CBL, USB FRONT PANEL CABLE",TRUE,127,USD,,,,,,,0
6017B0054102,"CBL, 50-PIN FRONT PANEL CABLE",TRUE,127,USD,,,,,,,0
6017B0055002,"CBL, FRONT PANEL",TRUE,47,USD,,,,,,,0
6017B0071802,"CBL, REDUNDANT FAN BRACKET CABLE ASSEMBLY (115MM+1",TRUE,421,USD,,,,,,,0
6017B0071902,"CBL, REDUNDANT FAN BRACKET CABLE ASSEMBLY (115MM+1",TRUE,421,USD,,,,,,,0
6017B0072002,"CBL, REDUNDANT FAN BRACKET CABLE ASSEMBLY (140MM+1",TRUE,421,USD,,,,,,,0
6017B0125402,"CBL, FLAT,24POS,466MM,I,FP,MLB TO FRONT",TRUE,127,USD,,,,,,,0
6017B0125501,"CBL, SHOFFNER USB FRONT PANEL CABLE FIXED",TRUE,127,USD,,,,,,,0
6017B0137701,"CBL, HSBP CABLE ON AN SR2500ALLX SERVER TEM",TRUE,12,USD,,,,,,,0
6017B0159401,"CBL, SATA CABLE 2 (FIXED) - FROM SHOFFNER",TRUE,127,USD,,,,,,,0
6017B0159501,"CBL, SATA CABLE 1 (FIXED) - FROM SHOFFNER",TRUE,127,USD,,,,,,,0
6017B0159601,"CBL, ROUND,7POS,475MM,I,SATA",TRUE,297,USD,,,,,,,0
6017B0159901,"CBL, FAN CONTROL CABLE (FIXED) - FROM SHOFFNER",TRUE,127,USD,,,,,,,0
6017B0160001,"CBL, SERVER BOARD SATA CABLE GROUP (5 CABLES ONE S",TRUE,421,USD,,,,,,,0
6017B0165701,"CBL, RMM CABLE  - 80MM LONG",TRUE,76,USD,,,,,,,0
6017B0170201,"CBL, RMM CABLE  - 250MM LONG",TRUE,76,USD,,,,,,,0
6051B0320202,AIR DUCT,TRUE,3.5,USD,,,,,,,0
6052B0142401,"SCR, STEP,BOLT,5.0MM,MACH,10.0MM,9.5MM",TRUE,127,USD,,,,,,,0
6070B0124902,"CBL, REDUNDANT FAN BRACKET, 2 120MM",TRUE,2.93,USD,,,,,,,0
701.4741,PRODUCT CODE STONY LAKE QT ORACLE 20PK,TRUE,356,USD,,,,,,,0
701.4759,PRODUCT CODE STONY LAKES QT ORACLE 6PK,TRUE,204,USD,,,,,,,0
701.4763,PRODUCT CODE STONY LAKES QF ORACLE 6PK,TRUE,498,USD,,,,,,,0
701.4776,PCODE TWIN POND ORACLE 10PK,TRUE,359,USD,,,,,,,0
7014741,Intel Eth Svr Adptr i350-T4,TRUE,164.5,USD,,,,,,,0
7014747,Intel? Eth Svr Adptr i350-F2,TRUE,223.5,USD,,,,,,,0
7014759,IntelÂ® Eth Svr Adptr i350-T4,TRUE,204,USD,,,,,,,0
7014763,IntelÂ® Eth Svr Adptr i350-F4,TRUE,498,USD,,,,,,,0
7014776,INTEL(R) ETH SVR ADAPTER X540-T2,TRUE,359,USD,,,,,,,0
701478,Intel Ethernet Server Adapter X540-T1,TRUE,343.72,USD,,,,,,,0
7048474,Intel? Ethernet Server Adapter I350-T4,TRUE,174.5,USD,,,,,,,0
7048478,"BD, NIC,OEM,S,1000B,POWERVILLE",TRUE,498,USD,,,,,,,0
7048479,"Sun Quad Port GbE ExpressModule, UTP, 7048479",TRUE,204,USD,,,,,,,0
705.4739,"PBA,NIC,SUN KIRKWOODLP,OEM,S,1000B,OPHI",TRUE,356,USD,,,,,,,0
705.6733,Intel Ethernet Server Adapter X540-T1,TRUE,343.72,USD,,,,,,,0
7051223,PBA NIC SP FNTN DP SUN OEM S 10 GIG NIA,TRUE,209,USD,,,,,,,0
7051227,"TA,NIC,SPRINGWATER,OEM,S,10000BASE,NIAN",TRUE,377.41,USD,,,,,,,0
7051229,Sun Dual 10GbE PCIe 2.0 FEM,TRUE,169.72,USD,,,,,,,0
7054739,"PBA,NIC,SUN KIRKWOODLP,OEM,S,1000B,OPHI",TRUE,356,USD,,,,,,,0
7055026,NIC 5944437 PCIE 0 NO CPU PAK 1,TRUE,278,USD,,,,,,,0
7056733,"PBA,NIC,BRETONA SUN,OEM,S,1000B,OPHIR,",TRUE,590,USD,,,,,,,0
706.9995,Intel. Ethernet Server Adapter X540-T1,TRUE,343.72,USD,,,,,,,0
7069995,Intel Ethernet Server Adapter X540-T1,TRUE,343.72,USD,,,,,,,0
707.0195,Intel? Ethernet Server Adapter I350-T4,TRUE,174.5,USD,,,,,,,0
707.0202,Intel? Eth Svr Adptr i350-F2,TRUE,223.5,USD,,,,,,,0
707.0211,"Sun Quad Port GbE ExpressModule, UTP, 7048479",TRUE,204,USD,,,,,,,0
7070006,INTEL(R) ETH SVR ADAPTER X540-T2,TRUE,359,USD,,,,,,,0
7070195,Intel? Ethernet Server Adapter I350-T4,TRUE,174.5,USD,,,,,,,0
7070202,Intel? Eth Svr Adptr i350-F2,TRUE,223.5,USD,,,,,,,0
7070206,"Quad Port GbE ExpressModule, MMF, 7048478, for Sun",TRUE,498,USD,,,,,,,0
7070211,"Sun Quad Port GbE ExpressModule, UTP, 7048479",TRUE,204,USD,,,,,,,0
7096437,"P-CODE, SPIRIT FALLS, ORACLE, DA2, QSFP+",TRUE,449,USD,,,,,,,0
7096675,P-CODE  FORT POND  ORACLE  T4  5 PACK,TRUE,419,USD,,,,,,,0
7319817,P-CODE  SPIRIT FALLS  ORACLE  DA2  QSFP+,TRUE,351,USD,,,,,,,0
7JX01-117,Rubber Bumpers for Rainbow Pass,TRUE,0.03,USD,,,,,,,0
810-00017-01,Basis Peak USB Charger Assembly,TRUE,0.45,USD,,,,,,,0
810-00026-01,"Replacement straps (Gray Accent, Uniform)",TRUE,5.2,USD,,,,,,,0
810-00030-01,"Replacement Straps (Red Accent, Infinite Array)",TRUE,6.1,USD,,,,,,,0
810-00036-01,Basis Peak USB Cable Assembly,TRUE,1.05,USD,,,,,,,0
81D650-892000,DT ACSY-M.DK132EPJ......INTEL...LEAD-FREE...,TRUE,0.01,USD,,,,,,,0
81Y2889,DONGLE KVM,TRUE,36,USD,,,,,,,0
82-231-012250,ADAPTER.12V 36W.3A..WA-36A12R0UGKN-DDAA.US/EU/UK/A,TRUE,5.6,USD,,,,,,,0
82-231-012256,ADAPTER.12V 36W.3A..WA-36A12R0UGKN-DDAA.US/EU/UK/A,TRUE,5.6,USD,,,,,,,0
82-231-012290,ADAPTER.12V 36W.3A..WA-36A12R0UGKNI-AAAK.US/EU/UK/AU/IN.R2.W/SAFETY(2000M)LEAD-FREE(RoHS),TRUE,5.6,USD,,,,,,,0
82-231-012292,ADAPTER.12V 36W.3A..WA-36A12R0UGKNI-AAK.US/EU/UK/AU/IN.R2.W/SAFETY(2000M)......LEAD-FREE(RoHS).APD,TRUE,5.6,USD,,,,,,,0
82-231-019196,ADAPTER.19V 90W.4.74A..HKA09019047-6U..R3 W/CORE OD5.5mm.......HF.LEAD-FREE.HUNTKEY,TRUE,8.7,USD,,,,,,,0
82-231-019340,Power adaptor FSP,TRUE,8.33,USD,,,,,,,0
82-231-019344,FSP. Adaptor,TRUE,8.33,USD,,,,,,,0
82-231-019345,Adaptor,TRUE,8.33,USD,,,,,,,0
82-231-019347,ADAPTER.19V 65W.3.42A..FSP065-REBN2...W/SAFETY(500,TRUE,8.33,USD,,,,,,,0
82-231-019349,ADAPTER.19V 65W.3.42A..FSP065-REBN2..V.10.W/SAFETY,TRUE,8.33,USD,,,,,,,0
82-231-019364,ADAPTER.19V 65W.3.43A..FSP065-10AABA.US/EU/UK/AU.O,TRUE,16.58,USD,,,,,,,0
82-231-019365,ADAPTER.19V 65W.3.43A..FSP065-10AABA.US/EU/UK/AU.O,TRUE,16.58,USD,,,,,,,0
82-231-019391,"Adaptor (19V,65W,3.43A - FSP065-10AABA)",TRUE,13.5,USD,,,,,,,0
82-231-019394,"Adaptor (19V,65W,3.43A - FSP065-10AABA)",TRUE,13.5,USD,,,,,,,0
82-231-019396,ADAPTER.19V 65W.3.43A..FSP065-10AABA.US/EU/UK/AU.V,TRUE,16.58,USD,,,,,,,0
82-231-019399,ADAPTER.19V 65W.3.43A..FSP065-10AABA.IN/CN/KR/AR/B,TRUE,16.58,USD,,,,,,,0
82-231-019419,ADAPTER.19V 90W.4.74A..DA-90J19-ACAAH..R1 DOE 6 OD5.5mm.......HF.LEAD-FREE.APD,TRUE,8.7,USD,,,,,,,0
82-231-019455,ADAPTER.19V 65W.3.42A..DA-65C19-CAAFH..R1 DOE 6 OD5.5mm.W/SAFETY(5000M)......LEAD-FREE(RoHS/HF).APD,TRUE,2,USD,,,,,,,0
82-231-019456,ADAPTER.19V 65W.3.42A..DA-65C19-CAAFH..R2 DOE 6 OD5.5mm.W/SAFETY(5000M).......LEAD-FREE(RoHS/HF).APD,TRUE,4.75,USD,,,,,,,0
82-231-019457,ADAPTER.19V 65W.3.42A..DA-65C19-CAAFH..R3 DOE 6 OD5.5mm.W/SAFETY(5000M)......HF.LEAD-FREE.APD,TRUE,4.75,USD,,,,,,,0
82-231-019492,ADAPTER.19V 90W.4.74A..PA-1900-32E2..OD 5.5 R1 W/CORE.......LEAD-FREE(RoHS/HF).LITEON,TRUE,13.5,USD,,,,,,,0
82-231-019493,ADAPTER.19V 90W.4.74A..PA-1900-32E2..R2 W/CORE OD5.5mm.......HF.LEAD-FREE.LITEON,TRUE,13.5,USD,,,,,,,0
82-231-019494,ADAPTER.19V 90W.4.74A..PA-1900-32E2..R2 W/CORE OD5.5mm.......HF.LEAD-FREE.LITEON,TRUE,13.5,USD,,,,,,,0
82-231-019495,ADAPTER.19V 90W.4.74A..PA-1900-32E2..R2 W/CORE OD5.5mm.......HF.LEAD-FREE.LITEON,TRUE,13.5,USD,,,,,,,0
82-231-019721,ADAPTER.19V 120W.6.32A..FSP120-ABBN3..DOE 6 W/CORE OD5.5mm.......HF.LEAD-FREE.FSP,TRUE,14,USD,,,,,,,0
82-231-019803,ADAPTER.19V 65W.3.43A..FSP065-10AABA.US/EU/UK/AU/I,TRUE,13.5,USD,,,,,,,0
82-231-019804,ADAPTER.19V 65W.3.43A..FSP065-10AABA.IN/CN/KR/AR/B,TRUE,16.58,USD,,,,,,,0
82-231-019805,ADAPTER.19V 65W.3.43A..FSP065-10AABA.IN/CN/KR/AR/B,TRUE,16.58,USD,,,,,,,0
82-231-019807,ADAPTER.19V 65W.3.43A..FSP065-10AABA.IN/CN/KR/AR/B,TRUE,11.8,USD,,,,,,,0
82-231-019808,ADAPTER.19V 65W.3.43A..FSP065-10AABA.US/UK/EU/AU.D,TRUE,11.4,USD,,,,,,,0
82-231-019811,ADAPTER.19V 65W.3.43A..FSP065-10AABA.US/EU/UK/AU/I,TRUE,13.5,USD,,,,,,,0
82-231-019812,ADAPTER.19V 65W.3.43A..FSP065-10AABA.IN/CN/KR/AR/B,TRUE,16.58,USD,,,,,,,0
82-231-019813,ADAPTER.19V 65W.3.43A..FSP065-10AABA.US/UK/EU/AU.D,TRUE,11.4,USD,,,,,,,0
82-231-019815,ADAPTER.19V 65W.3.43A..FSP065-10AABA.IN/CN/KR/AR/B,TRUE,11.8,USD,,,,,,,0
82-231-019816,ADAPTER.19V 65W.3.43A..FSP065-10AABA.US/EU/UK/AU.O,TRUE,16.58,USD,,,,,,,0
82-231-019817,ADAPTER.19V 65W.3.43A..FSP065-10AABA.IN/CN/KR/AR/B,TRUE,16.58,USD,,,,,,,0
82-231-019818,ADAPTER.19V 65W.3.43A..FSP065-10AABA.US/EU/UK/AU/I,TRUE,13.5,USD,,,,,,,0
82-231-019819,ADAPTER.19V 65W.3.43A..FSP065-10AABA.US/EU/UK/AU/I,TRUE,13.5,USD,,,,,,,0
82-231-019820,ADAPTER.19V 65W.3.43A..FSP065-10AABA.IN/CN/KR/AR/B,TRUE,16.58,USD,,,,,,,0
82-231-019821,ADAPTER.19V 65W.3.43A..FSP065-10AABA.US/EU/UK/AU.O,TRUE,16.58,USD,,,,,,,0
82-231-019822,ADAPTER.19V 65W.3.43A..FSP065-10AABA.US/EU/UK/AU.O,TRUE,16.58,USD,,,,,,,0
82-231-019823,ADAPTER.19V 65W.3.43A..FSP065-10AABA.IN/CN/KR/AR/B,TRUE,16.58,USD,,,,,,,0
82-231-019824,ADAPTER.19V 65W.3.43A..FSP065-10AABA.US/UK/EU/AU.D,TRUE,11.4,USD,,,,,,,0
82-231-019825,ADAPTER.19V 65W.3.43A..FSP065-10AABA.IN/CN/KR/AR/B,TRUE,16.58,USD,,,,,,,0
82-231-019826,ADAPTER.19V 65W.3.43A..FSP065-10AABA.IN/CN/KR/AR/B,TRUE,16.58,USD,,,,,,,0
82-231-019827,ADAPTER.19V 65W.3.43A..FSP065-10AABA.US/EU/UK/AU/I,TRUE,13.5,USD,,,,,,,0
82-231-019840,ADAPTER.19V 65W.3.43A..FSP065-10AABA.US/UK/EU/AU.D,TRUE,16.58,USD,,,,,,,0
82-231-019842,ADAPTER.19V 65W.3.43A..FSP065-10AABA.IN/CN/KR/AR/B,TRUE,16.58,USD,,,,,,,0
82-231-019844,q,TRUE,16.58,USD,,,,,,,0
82-231-019845,ADAPTER.19V 65W.3.43A..FSP065-10AABA.US/EU/UK/AU/I,TRUE,13.5,USD,,,,,,,0
82-231-019848,ADAPTER.19V 65W.3.43A..FSP065-10AABA.US/EU/UK/AU/IN.R8 W/CORE.W/SAFETY(5000M).....9NA0655501..LEAD-FREE.FSP,TRUE,11.2,USD,,,,,,,0
82-231-019849,ADAPTER.19V 65W.3.43A..FSP065-10AABA.IN/CN/KR/AR/BR.R5 W/CORE DOE6 OD5.5mm......9NA0655509.HF.LEAD-FREE.FSP,TRUE,11.5,USD,,,,,,,0
82-231-019861,ADAPTER.19V 65W.3.43A..FSP065-10AABA.US/UK/EU/AU.R5 DOE 6 W/CORE OD5.5mm......9NA0655508.HF.LEAD-FREE.FSP,TRUE,11.2,USD,,,,,,,0
82-231-019863,ADAPTER.19V 65W.3.43A..FSP065-10AABA.US/EU/UK/AU/IN.R9 W/CORE.W/SAFETY(5000M).....9NA0655501..LEAD-FREE.FSP,TRUE,11.2,USD,,,,,,,0
82-231-019868,ADAPTER.19V 65W.3.43A..FSP065-10AABA.IN/CN/KR/AR/BR.R6 DOE 6 W/CORE OD5.5mm......9NA0655509..LEAD-FREE(RoHS/HF).FSP,TRUE,11.5,USD,,,,,,,0
82-231-019869,ADAPTER.19V 65W.3.43A..FSP065-10AABA.US/UK/EU/AU.R6 DOE 6 W/CORE OD5.5mm......9NA0655508..LEAD-FREE(RoHS/HF).FSP,TRUE,11.2,USD,,,,,,,0
82-247-005186,CHARGER.5V 10W.2A..WB-10G05RUGKNDAAA.US/EU/UK/AU.V,TRUE,4,USD,,,,,,,0
82-247-005188,GER.5V 10W.2A..WB-10G05RUGKNI-DAAA.US/EU/UK/AU,TRUE,4,USD,,,,,,,0
82-247-005453,CHARGER.5V 15W.3A..WA-15I05RCSABI-GFAAH.CN/KR/AR/BR/IN..W/SAFETY(2000M).....HF.LEAD-FREE.APD,TRUE,5.2,USD,,,,,,,0
82-247-005456,GER.5V 15W.3A..WA-15I05RUGK-GFAAH.US/EU/UK..W/,TRUE,4.86,USD,,,,,,,0
82-247-005457,GER.5V 15W.3A..WA-15I05RUGKN-GFAAH.US/EU/UK/AU,TRUE,5.2,USD,,,,,,,0
82-247-005464,GER.5V 15W.3A..WA-15I05RUGKN-GFAAH.US/EU/UK/AU,TRUE,5.2,USD,,,,,,,0
82-247-005466,GER.5V 15W.3A..WA-15I05RCSABI-GFAAH.CN/KR/AR/BR/IN.R1 W/SAFETY(2000M)......HF.LEAD-FREE.APD,TRUE,4.61,USD,,,,,,,0
82-247-005467,GER.5V 15W.3A..WA-15I05RUGKN-GFAAH.US/EU/UK/AU.R3.W/SAFETY.....HF.LEAD-FREE.APD,TRUE,4.17,USD,,,,,,,0
82-247-005471,GER.5V 15W.3A..WA-15I05RCSABI-GFAAH.CN/KR/AR/BR/IN.W/SAFETY(5000M).......HF.LEAD-FREE.APD,TRUE,4.61,USD,,,,,,,0
82-247-005472,GER.5V 15W.3A..WA-15I05RUGKN-GFAAH.US/EU/UK/AU..W/SAFETY(5000M)......HF.LEAD-FREE.APD,TRUE,4.17,USD,,,,,,,0
82-247-005473,GER.5V 15W.3A..WA-15I05RUGKN-GFAAH.US/EU/UK/AU.R1.W/SAFETY(5000M)......HF.LEAD-FREE.APD,TRUE,4.17,USD,,,,,,,0
82-247-005474,GER.5V 15W.3A..WA-15I05RCSABI-GFAAH.CN/KR/AR/BR/IN.R1.W/SAFETY(5000M)......HF.LEAD-FREE.APD,TRUE,4.61,USD,,,,,,,0
82-247-012010,Adaptor,TRUE,7.05,USD,,,,,,,0
84H342310-001,"BRACKET,SLIDR,",TRUE,34,USD,,,,,,,0
856-851385-001A,"PS, ASSY, 400W,2,5/12,PFC,AC ADP (MFP: DPS-400AB-5",TRUE,131,USD,,,,,,,0
88-105-003293,Wifi Card.  WLAN CARD.WIRELESS-N 7260BN,TRUE,3.32,USD,,,,,,,0
900-00001-01,Basis B1,TRUE,199,USD,,,,,,,0
900-00001-03,Basis B1 Carbon Steel Edition,TRUE,199,USD,,,,,,,0
900-00012-01,"Basis Peak, Fitness Tracker, Brushed Metal/White",TRUE,89.95,USD,,,,,,,0
900-00013-01,"PEAK Accessory, USB ger",TRUE,24.99,USD,,,,,,,0
900-00022-01,"Accessory, Peak, Straps, Black/Yellow, Silicone",TRUE,24.99,USD,,,,,,,0
900-00022-02,Basis Peak SportVent Accessory Strap - Coral,TRUE,9.91,USD,,,,,,,0
900-00022-03,Basis Peak SportVent Accessory Strap - Firefly,TRUE,24.99,USD,,,,,,,0
900-00022-04,Basis Peak SportVent Accessory Strap - Vapor,TRUE,24.99,USD,,,,,,,0
900-00022-05,Basis Peak SportVent Accessory Strap - Ember,TRUE,5.12,USD,,,,,,,0
900-00024-01,"Basis Peak, Fitness Tracker, Matte Black/Black",TRUE,149.99,USD,,,,,,,0
900-00057,Recon Snow2 heads-up display device,TRUE,399,USD,,,,,,,0
900-00066,Recon Jet Spare Lens  Clear,TRUE,74.99,USD,,,,,,,0
900-00067,Recon Jet Spare Frame - Black,TRUE,119.99,USD,,,,,,,0
900-00068,Recon Jet Polarized Spare Lens - Meteor Grey Polar,TRUE,119.99,USD,,,,,,,0
900-00069,Recon Jet Spare Frame - White,TRUE,119.99,USD,,,,,,,0
900-00070,Recon Jet Spare Battery  Black,TRUE,59.99,USD,,,,,,,0
900-00071,Recon Jet Spare Battery  White,TRUE,59.99,USD,,,,,,,0
900-00077,Recon Jet Spare Lens - Nova Yellow,TRUE,74.99,USD,,,,,,,0
900-00079,Recon Jet Polarized Spare Lens - Spectral Red Pola,TRUE,119.99,USD,,,,,,,0
900-00080,Recon Jet Spare Nosepiece - Black,TRUE,24.99,USD,,,,,,,0
900-00081,Recon Jet Spare Nosepiece - Grey,TRUE,24.99,USD,,,,,,,0
900.00019.01,WATCHSTRAP BS900.00019.01A,TRUE,7.31,USD,,,,,,,0
900.00024.02,"Basis Peak, Matte Black/Black, EN/FR (CA)",TRUE,142.49,USD,,,,,,,0
900.00024.03,"Basis Peak, Matte Black/Black, EFIGS (EU)",TRUE,179.99,USD,,,,,,,0
900.00026.01,"Basis Peak, Titanium/Leather, EN (US)",TRUE,134.93,USD,,,,,,,0
900.00027.01,"Basis Peak, Accessory SKU, Strap, Leather, Noir (B",TRUE,34.99,USD,,,,,,,0
900.00027.02,"Basis Peak, Accessory SKU, Strap, Leather, Fog (Gr",TRUE,18,USD,,,,,,,0
900.00027.03,"Basis Peak, Accessory SKU, Strap, Leather, Saddle",TRUE,34.99,USD,,,,,,,0
900.00027.04,"Basis Peak, Accessory SKU, Strap, Leather, Khaki (",TRUE,34.99,USD,,,,,,,0
900.00027.05,"Basis Peak, Accessory SKU, Strap, Leather, Blush (",TRUE,18,USD,,,,,,,0
900.00029.01,"Basis Peak, Accessory SKU, Strap, Leather, Cognac",TRUE,18,USD,,,,,,,0
900.00064.DSWGP,Recon Jet - White Frame Grey Polarized,TRUE,499,USD,,,,,,,0
900.00065.DSBGP,Recon Jet - Black Frame Grey Polarized,TRUE,499,USD,,,,,,,0
900.00101.DPWC,RECON JET PRO WHITE,TRUE,599,USD,,,,,,,0
900.00103.DPWC,Recon Jet Pro Black Frame with Polarized Lens,TRUE,599,USD,,,,,,,0
900.00104.DPBC,Recon Jet Pro Plus Black Frame with Clear Lens,TRUE,699,USD,,,,,,,0
9024-CU24-ST2-DDR,24 PORT DDR SWITCH - CONFIGURABLE,TRUE,2017.41,USD,,,,,,,0
9024-PS,REDUNDANT POWER SUPPLY ( CONFIGURABLE 9024),TRUE,356,USD,,,,,,,0
90XX-PS1-R,REDUNDANT POWER SUPPLY ( CONFIGURABLE 9024),TRUE,356,USD,,,,,,,0
947010,NWK E CABL 100CQQH2620,TRUE,132,USD,,,,,,,0
947011,NWK E CABL 100CQQH2630,TRUE,142,USD,,,,,,,0
947012,NWK E CABL 100CQQF3010,TRUE,92,USD,,,,,,,0
947013,NWK E CABL 100CQQF3005,TRUE,80,USD,,,,,,,0
947625,OPTIC CBLE 100FRRF0100,TRUE,740,USD,,,,,,,0
947626,OPTIC CBLE 100FRRF0200,TRUE,762,USD,,,,,,,0
947627,OPTIC CBLE 100FRRF0300,TRUE,776,USD,,,,,,,0
947628,OPTIC CBLE 100FRRF1000,TRUE,1392,USD,,,,,,,0
947634,OPTIC CBLE 100FRRF0050,TRUE,726,USD,,,,,,,0
947764,OPTIC CBLE 100FRRF0150,TRUE,750,USD,,,,,,,0
947790,OPTIC CBLE 100FRRF0030,TRUE,716,USD,,,,,,,0
947791,NWK E CABL 100CQQH2615,TRUE,116,USD,,,,,,,0
947792,OPTIC CBLE 100FRRF0500,TRUE,788,USD,,,,,,,0
950259,OPTIC CBLE 100FRRF0400,TRUE,782,USD,,,,,,,0
950261,OPTIC CBLE 100FRRF0600,TRUE,812,USD,,,,,,,0
952162,NWK E CABL 100CQQF3015,TRUE,116,USD,,,,,,,0
952163,NWK E CABL 100CQQF3020,TRUE,132,USD,,,,,,,0
952164,NWK E CABL 100CQQF3030,TRUE,142,USD,,,,,,,0
952419,OPTIC CBLE 100FRRL0050,TRUE,630,USD,,,,,,,0
952420,OPTIC CBLE 100FRRL0100,TRUE,652,USD,,,,,,,0
952421,OPTIC CBLE 100FRRL0150,TRUE,676,USD,,,,,,,0
952423,OPTIC CBLE 100FRRL0200,TRUE,698,USD,,,,,,,0
952424,OPTIC CBLE 100FRRL0300,TRUE,742,USD,,,,,,,0
952425,OPTIC CBLE 100FRRL0400,TRUE,782,USD,,,,,,,0
952427,OPTIC CBLE 100FRRL0500,TRUE,788,USD,,,,,,,0
952429,OPTIC CBLE 100FRRL0600,TRUE,812,USD,,,,,,,0
952430,OPTIC CBLE 100FRRL1000,TRUE,1080,USD,,,,,,,0
957778,OPTIC CBLE 100FRRA0050,TRUE,726,USD,,,,,,,0
957780,OPTIC CBLE 100FRRA0100,TRUE,740,USD,,,,,,,0
957781,OPTIC CBLE 100FRRA0150,TRUE,750,USD,,,,,,,0
957782,OPTIC CBLE 100FRRA0200,TRUE,762,USD,,,,,,,0
957783,OPTIC CBLE 100FRRA0300,TRUE,776,USD,,,,,,,0
957784,OPTIC CBLE 100FRRA0400,TRUE,782,USD,,,,,,,0
957785,OPTIC CBLE 100FRRA0500,TRUE,836,USD,,,,,,,0
957786,OPTIC CBLE 100FRRA0600,TRUE,812,USD,,,,,,,0
957788,OPTIC CBLE 100FRRA1000,TRUE,1080,USD,,,,,,,0
958409,OPTIC CBLE 100FRRL0030,TRUE,622,USD,,,,,,,0
958487,OPTIC CBLE 100FRRA0030,TRUE,622,USD,,,,,,,0
959141,COMPUTESTK NCSM2450.DK,TRUE,79,USD,,,,,,,0
959179,NWK E CABL 100CQQH3035,TRUE,162,USD,,,,,,,0
959417,NWK E CABL 100CQQH2640,TRUE,212,USD,,,,,,,0
959459,NWK E CABL 100CQQH2650,TRUE,230,USD,,,,,,,0
959842,NWK E CABL 100CQQF3040,TRUE,190,USD,,,,,,,0
959843,NWK E CABL 100CQQF2630,TRUE,142,USD,,,,,,,0
959844,NWK E CABL 100CQQF2640,TRUE,220,USD,,,,,,,0
959845,NWK E CABL 100CQQF2650,TRUE,236,USD,,,,,,,0
959846,NWK E CABL 100CQQF2660,TRUE,286,USD,,,,,,,0
95D800-000001,VESA Bracket Kit,TRUE,6.58,USD,,,,,,,0
95D800-000003,Forest Canyon Kit Bottom Cover for SA#H22962-102,TRUE,3.21,USD,,,,,,,0
95D800-727000,IYE Chassis with antennas installed,TRUE,19.42,USD,,,,,,,0
95D800-727001,DYE Chassis with antennas installed,TRUE,19.42,USD,,,,,,,0
95D800-728000,BY Chassis with antennas installed,TRUE,19.42,USD,,,,,,,0
95D800-738000,HYE Chassis with antennas installed,TRUE,19.42,USD,,,,,,,0
95D800-789000,SATA/Power Cable Kit,TRUE,1.3,USD,,,,,,,0
960983,POWR CHRGR F8P13099,TRUE,156.45,USD,,,,,,,0
962050,TABLET CMP F8P13741,TRUE,1680,USD,,,,,,,0
962058,GAMEPAD F8P13906,TRUE,126,USD,,,,,,,0
962061,DRONECHSPT F8P13738,TRUE,1155,USD,,,,,,,0
962275,NWK E CABL 100CQQH2655,TRUE,272,USD,,,,,,,0
